Marca,Modelo,Año,Motor,Transmision,Combustible,Asientos,KM,Precio
Porsche,Panamera S,2012,V8,Automática,Gasolina,4 Pasajeros,1,"B/.16,900 (Rebajado 11%)"
BMW,X1,2011,6 CILINDROS,Automática,Gasolina,5 Pasajeros,1,"B/.6,900 (Rebajado 31%)"
Nissan,Kicks,2020,¡Pregunta al anunciante!,Automática,Gasolina,¡Pregunta al anunciante!,68'000,"B/.12,900 (Rebajado 67%)"
Toyota,Prado,2021,¡Pregunta al anunciante!,Automática,Diesel,¡Pregunta al anunciante!,38'000,"B/.55,500 (Rebajado 1%)"
Chevrolet,Tahoe,2017,¡Pregunta al anunciante!,Automática,Gasolina,¡Pregunta al anunciante!,58'000,"B/.38,000"
Subaru,Forester,2014,4 CILINDROS TURBO,Automática,Gasolina,5 Pasajeros,95'000,"B/.12,950 (Rebajado 7%)"
Ford,Explorer,2021,2.3 Ecoboost 4CLY Turbo,Automática,Gasolina,7 Pasajeros,69'870,"B/.29,995"
Mazda,CX-5,2019,¡Pregunta al anunciante!,Automática,Gasolina,¡Pregunta al anunciante!,103'976,"B/.15,500"
BMW,Serie 1,2017,¡Pregunta al anunciante!,Automática,Eléctrico,¡Pregunta al anunciante!,34'436,"B/.14,999"
Toyota,Land Cruiser,2015,¡Pregunta al anunciante!,Automática,Diesel,¡Pregunta al anunciante!,73'277,"B/.32,999"
Honda,Odyssey,2020,¡Pregunta al anunciante!,Automática,Gasolina,¡Pregunta al anunciante!,26'000,"B/.26,900"
Mitsubishi,ASX,2022,¡Pregunta al anunciante!,Automática,Gasolina,¡Pregunta al anunciante!,55'000,"B/.16,900"
Honda,CR-V,2017,¡Pregunta al anunciante!,Automática,Gasolina,¡Pregunta al anunciante!,72'000,"B/.18,995 (Rebajado 3%)"
Mercedes Benz,CLS 53,2020,¡Pregunta al anunciante!,Automática,Gasolina,¡Pregunta al anunciante!,15'000,"B/.68,000"
Mitsubishi,Outlander,2019,¡Pregunta al anunciante!,Automática,Gasolina,¡Pregunta al anunciante!,66'183,"B/.17,999"
Nissan,Pathfinder,2015,¡Pregunta al anunciante!,Automática,Gasolina,¡Pregunta al anunciante!,74'044,"B/.8,999"
Suzuki,Vitara,2023,¡Pregunta al anunciante!,Automática,Gasolina,¡Pregunta al anunciante!,7'808,"B/.17,999"
Ford,Explorer,2021,2.3 Ecoboost 4CLY Turbo,Automática,Gasolina,7 Pasajeros,69'870,"B/.29,995"
Mazda,CX-5,2019,¡Pregunta al anunciante!,Automática,Gasolina,¡Pregunta al anunciante!,103'976,"B/.15,500"
Hyundai,Tucson,2016,¡Pregunta al anunciante!,Manual,Gasolina,¡Pregunta al anunciante!,167'382,"B/.8,500"
Nissan,Versa,2016,¡Pregunta al anunciante!,Manual,Gasolina,¡Pregunta al anunciante!,115'515,"B/.5,999"
Mercedes Benz,GLA-Class,2019,¡Pregunta al anunciante!,Automática,Gasolina,¡Pregunta al anunciante!,73'061,"B/.18,999"
Nissan,Frontier,2022,¡Pregunta al anunciante!,Manual,Diesel,¡Pregunta al anunciante!,1,"B/.17,999 (Rebajado 8%)"
Hyundai,Santa Fe,2022,¡Pregunta al anunciante!,Automática,Gasolina,¡Pregunta al anunciante!,59'043,"B/.23,999"
Nissan,Frontier,2023,¡Pregunta al anunciante!,Automática,Diesel,¡Pregunta al anunciante!,66'830,"B/.34,999 (Rebajado 5%)"
Honda,CR-V,2023,¡Pregunta al anunciante!,Automática,Gasolina,¡Pregunta al anunciante!,5'499,"B/.38,999"
Toyota,Prado,2017,¡Pregunta al anunciante!,Automática,Gasolina,¡Pregunta al anunciante!,94'818,"B/.27,999"
BMW,X5,2020,¡Pregunta al anunciante!,Automática,Diesel,¡Pregunta al anunciante!,41'000,"B/.49,995"
Honda,CR-V,2017,¡Pregunta al anunciante!,Automática,Gasolina,¡Pregunta al anunciante!,72'000,"B/.18,995 (Rebajado 3%)"
Mercedes Benz,CLS 53,2020,¡Pregunta al anunciante!,Automática,Gasolina,¡Pregunta al anunciante!,15'000,"B/.68,000"
Mitsubishi,Outlander,2019,¡Pregunta al anunciante!,Automática,Gasolina,¡Pregunta al anunciante!,66'183,"B/.17,999"
Nissan,Pathfinder,2015,¡Pregunta al anunciante!,Automática,Gasolina,¡Pregunta al anunciante!,74'044,"B/.8,999"
Suzuki,Vitara,2023,¡Pregunta al anunciante!,Automática,Gasolina,¡Pregunta al anunciante!,7'808,"B/.17,999"
Ford,Explorer,2021,2.3 Ecoboost 4CLY Turbo,Automática,Gasolina,7 Pasajeros,69'870,"B/.29,995"
Mazda,CX-5,2019,¡Pregunta al anunciante!,Automática,Gasolina,¡Pregunta al anunciante!,103'976,"B/.15,500"
Hyundai,Tucson,2016,¡Pregunta al anunciante!,Manual,Gasolina,¡Pregunta al anunciante!,167'382,"B/.8,500"
Nissan,Versa,2016,¡Pregunta al anunciante!,Manual,Gasolina,¡Pregunta al anunciante!,115'515,"B/.5,999"
Mercedes Benz,GLA-Class,2019,¡Pregunta al anunciante!,Automática,Gasolina,¡Pregunta al anunciante!,73'061,"B/.18,999"
Nissan,Frontier,2022,¡Pregunta al anunciante!,Manual,Diesel,¡Pregunta al anunciante!,1,"B/.17,999 (Rebajado 8%)"
Hyundai,Santa Fe,2022,¡Pregunta al anunciante!,Automática,Gasolina,¡Pregunta al anunciante!,59'043,"B/.23,999"
Nissan,Frontier,2023,¡Pregunta al anunciante!,Automática,Diesel,¡Pregunta al anunciante!,66'830,"B/.34,999 (Rebajado 5%)"
Honda,CR-V,2023,¡Pregunta al anunciante!,Automática,Gasolina,¡Pregunta al anunciante!,5'499,"B/.38,999"
Toyota,Prado,2017,¡Pregunta al anunciante!,Automática,Gasolina,¡Pregunta al anunciante!,94'818,"B/.27,999"
Toyota,Land Cruiser,2021,¡Pregunta al anunciante!,Automática,Diesel,¡Pregunta al anunciante!,39'683,"B/.79,999"
Nissan,Frontier,2023,¡Pregunta al anunciante!,Manual,Diesel,¡Pregunta al anunciante!,22'442,"B/.27,500"
Mitsubishi,Eclipse,2023,¡Pregunta al anunciante!,Automática,Gasolina,¡Pregunta al anunciante!,38'916,"B/.22,999"
BMW,Serie 1,2017,¡Pregunta al anunciante!,Automática,Eléctrico,¡Pregunta al anunciante!,34'436,"B/.14,999"
Toyota,Land Cruiser,2015,¡Pregunta al anunciante!,Automática,Diesel,¡Pregunta al anunciante!,73'277,"B/.32,999"
Nissan,Kicks,2018,¡Pregunta al anunciante!,Automática,Gasolina,¡Pregunta al anunciante!,56'000,"B/.12,500 (Rebajado 3%)"
Porsche,911,2014,¡Pregunta al anunciante!,Automática,Gasolina,¡Pregunta al anunciante!,13'334,"B/.135,000"
BMW,X5,2018,¡Pregunta al anunciante!,Automática,Diesel,¡Pregunta al anunciante!,48'900,"B/.27,900"
BMW,X5 M,2015,3.5,Automática,Gasolina,4 Pasajeros,123'000,"B/.18,900"
Isuzu,D-MAX,2017,2. 5,5+,Diesel,2 Pasajeros,169'000,"B/.17,995 (Rebajado 2%)"
Lexus,lx600,2023,¡Pregunta al anunciante!,Automática,Gasolina,¡Pregunta al anunciante!,17'000,"B/.147,500"
Rover,VOGUE,2015,¡Pregunta al anunciante!,Automática,Gasolina,¡Pregunta al anunciante!,68'000,B/.52.90
Hyundai,Tucson,2011,¡Pregunta al anunciante!,Automática,Gasolina,¡Pregunta al anunciante!,127'000,"B/.7,900 (Rebajado 66%)"
Nissan,Kicks,2020,¡Pregunta al anunciante!,Automática,Gasolina,¡Pregunta al anunciante!,68'000,"B/.12,900 (Rebajado 67%)"
Toyota,Prado,2021,¡Pregunta al anunciante!,Automática,Diesel,¡Pregunta al anunciante!,38'000,"B/.55,500 (Rebajado 1%)"
Chevrolet,Tahoe,2020,¡Pregunta al anunciante!,Automática,Gasolina,¡Pregunta al anunciante!,34'000,"B/.38,500"
Kia,Sportage,2019,¡Pregunta al anunciante!,Automática,Gasolina,¡Pregunta al anunciante!,127'000,"B/.12,900 (Rebajado 48%)"
Honda,Odyssey,2020,¡Pregunta al anunciante!,Automática,Gasolina,¡Pregunta al anunciante!,26'000,"B/.26,900"
Mitsubishi,ASX,2022,¡Pregunta al anunciante!,Automática,Gasolina,¡Pregunta al anunciante!,55'000,"B/.16,900"
Nissan,X-Trail,2016,¡Pregunta al anunciante!,Automática,Gasolina,¡Pregunta al anunciante!,140'000,"B/.9,900"
Hyundai,Santa Fe,2022,¡Pregunta al anunciante!,Automática,Gasolina,¡Pregunta al anunciante!,59'043,"B/.23,999"
Hyundai,Tucson,2023,¡Pregunta al anunciante!,Automática,Gasolina,¡Pregunta al anunciante!,37'000,"B/.22,900"
Kia,Sportage,2019,¡Pregunta al anunciante!,Automática,Gasolina,¡Pregunta al anunciante!,127'000,"B/.12,900 (Rebajado 48%)"
Mazda,CX-5,2023,Motor 2.0 litros 16 válvulas SKYACTIV-G,Automática,Gasolina,5 Pasajeros,10'340,"B/.23,500 (Rebajado 4%)"
Renault,Captur,2018,¡Pregunta al anunciante!,Automática,Gasolina,¡Pregunta al anunciante!,130,"B/.7,300"
Rover,VOGUE,2015,¡Pregunta al anunciante!,Automática,Gasolina,¡Pregunta al anunciante!,68'000,B/.52.90
Hyundai,Tucson,2011,¡Pregunta al anunciante!,Automática,Gasolina,¡Pregunta al anunciante!,127'000,"B/.7,900 (Rebajado 66%)"
Nissan,Kicks,2020,¡Pregunta al anunciante!,Automática,Gasolina,¡Pregunta al anunciante!,68'000,"B/.12,900 (Rebajado 67%)"
Toyota,Prado,2021,¡Pregunta al anunciante!,Automática,Diesel,¡Pregunta al anunciante!,38'000,"B/.55,500 (Rebajado 1%)"
Chevrolet,Tahoe,2020,¡Pregunta al anunciante!,Automática,Gasolina,¡Pregunta al anunciante!,34'000,"B/.38,500"
Toyota,Hilux,2022,¡Pregunta al anunciante!,Automática,Diesel,¡Pregunta al anunciante!,39'000,"B/.31,900 (Rebajado 2%)"
Land Rover,Range Rover Sport,2016,¡Pregunta al anunciante!,Automática,Diesel,¡Pregunta al anunciante!,44'000,"B/.34,600"
Honda,Odyssey,2020,¡Pregunta al anunciante!,Automática,Gasolina,¡Pregunta al anunciante!,26'000,"B/.26,900"
Mitsubishi,ASX,2022,¡Pregunta al anunciante!,Automática,Gasolina,¡Pregunta al anunciante!,55'000,"B/.16,900"
Nissan,X-Trail,2016,¡Pregunta al anunciante!,Automática,Gasolina,¡Pregunta al anunciante!,140'000,"B/.9,900"
Hyundai,Santa Fe,2022,¡Pregunta al anunciante!,Automática,Gasolina,¡Pregunta al anunciante!,59'043,"B/.23,999"
Hyundai,Tucson,2023,¡Pregunta al anunciante!,Automática,Gasolina,¡Pregunta al anunciante!,37'000,"B/.22,900"
Kia,Sportage,2019,¡Pregunta al anunciante!,Automática,Gasolina,¡Pregunta al anunciante!,127'000,"B/.12,900 (Rebajado 48%)"
Mazda,CX-5,2023,Motor 2.0 litros 16 válvulas SKYACTIV-G,Automática,Gasolina,5 Pasajeros,10'340,"B/.23,500 (Rebajado 4%)"
Renault,Captur,2018,¡Pregunta al anunciante!,Automática,Gasolina,¡Pregunta al anunciante!,130,"B/.7,300"
Rover,VOGUE,2015,¡Pregunta al anunciante!,Automática,Gasolina,¡Pregunta al anunciante!,68'000,B/.52.90
Hyundai,Tucson,2011,¡Pregunta al anunciante!,Automática,Gasolina,¡Pregunta al anunciante!,127'000,"B/.7,900 (Rebajado 66%)"
Nissan,Kicks,2020,¡Pregunta al anunciante!,Automática,Gasolina,¡Pregunta al anunciante!,68'000,"B/.12,900 (Rebajado 67%)"
Toyota,Prado,2021,¡Pregunta al anunciante!,Automática,Diesel,¡Pregunta al anunciante!,38'000,"B/.55,500 (Rebajado 1%)"
Chevrolet,Tahoe,2020,¡Pregunta al anunciante!,Automática,Gasolina,¡Pregunta al anunciante!,34'000,"B/.38,500"
Toyota,Hilux,2022,¡Pregunta al anunciante!,Automática,Diesel,¡Pregunta al anunciante!,39'000,"B/.31,900 (Rebajado 2%)"
Land Rover,Range Rover Sport,2016,¡Pregunta al anunciante!,Automática,Diesel,¡Pregunta al anunciante!,44'000,"B/.34,600"
Honda,Odyssey,2020,¡Pregunta al anunciante!,Automática,Gasolina,¡Pregunta al anunciante!,26'000,"B/.26,900"
Mitsubishi,ASX,2022,¡Pregunta al anunciante!,Automática,Gasolina,¡Pregunta al anunciante!,55'000,"B/.16,900"
Nissan,X-Trail,2016,¡Pregunta al anunciante!,Automática,Gasolina,¡Pregunta al anunciante!,140'000,"B/.9,900"
Toyota,Prado,2018,¡Pregunta al anunciante!,Automática,Gasolina,¡Pregunta al anunciante!,60'000,"B/.51,900"
Hyundai,Santa Fe,2022,¡Pregunta al anunciante!,Automática,Gasolina,¡Pregunta al anunciante!,59'043,"B/.23,999"
Hyundai,Tucson,2023,¡Pregunta al anunciante!,Automática,Gasolina,¡Pregunta al anunciante!,37'000,"B/.22,900"
Kia,Sportage,2019,¡Pregunta al anunciante!,Automática,Gasolina,¡Pregunta al anunciante!,127'000,"B/.12,900 (Rebajado 48%)"
Mazda,CX-5,2023,Motor 2.0 litros 16 válvulas SKYACTIV-G,Automática,Gasolina,5 Pasajeros,10'340,"B/.23,500 (Rebajado 4%)"
Renault,Captur,2018,¡Pregunta al anunciante!,Automática,Gasolina,¡Pregunta al anunciante!,130,"B/.7,300"
Hyundai,Tucson,2011,¡Pregunta al anunciante!,Automática,Gasolina,¡Pregunta al anunciante!,127'000,"B/.7,900 (Rebajado 66%)"
Nissan,Kicks,2020,¡Pregunta al anunciante!,Automática,Gasolina,¡Pregunta al anunciante!,68'000,"B/.12,900 (Rebajado 67%)"
Toyota,Prado,2021,¡Pregunta al anunciante!,Automática,Diesel,¡Pregunta al anunciante!,38'000,"B/.55,500 (Rebajado 1%)"
Chevrolet,Tahoe,2020,¡Pregunta al anunciante!,Automática,Gasolina,¡Pregunta al anunciante!,34'000,"B/.38,500"
Toyota,Hilux,2022,¡Pregunta al anunciante!,Automática,Diesel,¡Pregunta al anunciante!,39'000,"B/.31,900 (Rebajado 2%)"
Land Rover,Range Rover Sport,2016,¡Pregunta al anunciante!,Automática,Diesel,¡Pregunta al anunciante!,44'000,"B/.34,600"
Honda,Odyssey,2020,¡Pregunta al anunciante!,Automática,Gasolina,¡Pregunta al anunciante!,26'000,"B/.26,900"
Mitsubishi,ASX,2022,¡Pregunta al anunciante!,Automática,Gasolina,¡Pregunta al anunciante!,55'000,"B/.16,900"
Nissan,X-Trail,2016,¡Pregunta al anunciante!,Automática,Gasolina,¡Pregunta al anunciante!,140'000,"B/.9,900"
BMW,IX xdrive 50,2024,¡Pregunta al anunciante!,Automática,Eléctrico,¡Pregunta al anunciante!,13'000,"B/.98,900 (Rebajado 4%)"
Lexus,RX 450h,2018,¡Pregunta al anunciante!,Automática,Híbrido,5 Pasajeros,45'000,"B/.36,700"
Porsche,Panamera,2012,¡Pregunta al anunciante!,Automática,Gasolina,¡Pregunta al anunciante!,35'000,"B/.18,900 (Rebajado 3%)"
Toyota,Land Cruiser,2017,¡Pregunta al anunciante!,Automática,Diesel,¡Pregunta al anunciante!,167'200,"B/.60,000"
BMW,X1,2022,¡Pregunta al anunciante!,Automática,Gasolina,¡Pregunta al anunciante!,27'000,"B/.27,900 (Rebajado 41%)"
BMW,X1,2021,¡Pregunta al anunciante!,Automática,Gasolina,¡Pregunta al anunciante!,52'839,"B/.24,900 (Rebajado 11%)"
Ford,Explorer Sport,2018,3.5L Ecobost V6,Automática,Gasolina,¡Pregunta al anunciante!,100'500,"B/.24,500"
Hyundai,Santa Fe,2011,¡Pregunta al anunciante!,Automática,Gasolina,¡Pregunta al anunciante!,140'000,"B/.7,995 (Rebajado 11%)"
Jeep,Wrangler,2019,¡Pregunta al anunciante!,Automática,Gasolina,¡Pregunta al anunciante!,40'000,"B/.47,500"
Toyota,Land Cruiser,2013,¡Pregunta al anunciante!,Automática,Diesel,¡Pregunta al anunciante!,145'000,"B/.40,000"
Suzuki,Jimny,2022,1.5,Automática,Gasolina,4 Pasajeros,45'000,"B/.17,600"
BMW,X5,2013,V6,Automática,Gasolina,5 Pasajeros,100'000,"B/.8,950 (Rebajado 10%)"
Hyundai,Tucson,2008,4 CIlindro,Manual,Gasolina,5 Pasajeros,1,"B/.4,900 (Rebajado 29%)"
Honda,Civic,2018,4 CILINDROS,Manual,Gasolina,5 Pasajeros,1,"B/.12,950 (Rebajado 7%)"
Toyota,Prado,2010,4 CILINDRO TURBO DIESEL,Automática,Gasolina,7 Pasajeros,1,"B/.19,800"
Ford,Mustang,2006,4 CILINDRO,Automática,Gasolina,4 Pasajeros,1,"B/.7,500 (Rebajado 16%)"
Acura,MDX,2015,¡Pregunta al anunciante!,Automática,Gasolina,¡Pregunta al anunciante!,68'000,"B/.14,995"
BMW,3 Series,2015,4 CILINDROS,Automática,Gasolina,7 Pasajeros,90'000,"B/.8,950 (Rebajado 25%)"
BMW,X1,2011,6 CILINDROS,Automática,Gasolina,5 Pasajeros,1,"B/.6,900 (Rebajado 31%)"
BMW,X5,2015,¡Pregunta al anunciante!,Automática,Gasolina,¡Pregunta al anunciante!,91'000,"B/.15,500 (Rebajado 11%)"
Audi,Q5,2014,¡Pregunta al anunciante!,Automática,Diesel,¡Pregunta al anunciante!,70'500,"B/.11,000 (Rebajado 19%)"
Ford,Mustang,2017,4 CILINDRO TURBO,Manual,Gasolina,4 Pasajeros,1,"B/.21,900"
Jeep,Wrangler,2021,4 cilindros 2.0 turbo,Automática,Gas,¡Pregunta al anunciante!,40'000,"B/.44,500 (Rebajado 4%)"
Lexus,lx600,2023,¡Pregunta al anunciante!,Automática,Gasolina,¡Pregunta al anunciante!,17'000,"B/.147,500"
Chevrolet,Tahoe,2020,¡Pregunta al anunciante!,Automática,Gasolina,¡Pregunta al anunciante!,34'000,"B/.38,500"
Audi,Q5,2020,¡Pregunta al anunciante!,Automática,Gasolina,¡Pregunta al anunciante!,18'000,"B/.32,900"
MINI,Cooper,2016,¡Pregunta al anunciante!,Automática,Gasolina,¡Pregunta al anunciante!,50'000,"B/.14,900 (Rebajado 4%)"
Audi,Q5,2017,¡Pregunta al anunciante!,Automática,Gasolina,¡Pregunta al anunciante!,110'000,"B/.17,900 (Rebajado 3%)"
Land Rover,Velar,2018,¡Pregunta al anunciante!,Automática,Gasolina,¡Pregunta al anunciante!,50'000,"B/.44,900"
Suzuki,Grand Vitara,2014,¡Pregunta al anunciante!,Automática,Gasolina,¡Pregunta al anunciante!,92'000,"B/.9,995"
Hyundai,i30,2012,¡Pregunta al anunciante!,Automática,Gasolina,¡Pregunta al anunciante!,81'226,"B/.6,200 (Rebajado 10%)"
Land Rover,Range Rover Velar,2018,¡Pregunta al anunciante!,Automática,Gasolina,¡Pregunta al anunciante!,43'750,"B/.39,995 (Rebajado 11%)"
Nissan,Kicks,2020,¡Pregunta al anunciante!,Manual,Gasolina,¡Pregunta al anunciante!,85'000,"B/.10,995"
Mazda,CX-5,2024,¡Pregunta al anunciante!,Automática,Gasolina,¡Pregunta al anunciante!,936,"B/.22,995 (Rebajado 4%)"
Toyota,RAV4 Hybrid,2020,¡Pregunta al anunciante!,Automática,Gasolina,¡Pregunta al anunciante!,49'800,"B/.29,995 (Rebajado 3%)"
Toyota,Hilux,2022,¡Pregunta al anunciante!,Manual,Diesel,¡Pregunta al anunciante!,70'000,"B/.24,995 (Rebajado 4%)"
Hyundai,Tucson,2022,¡Pregunta al anunciante!,Automática,Gasolina,¡Pregunta al anunciante!,56'000,"B/.18,995 (Rebajado 5%)"
GMC,Yukon,2008,V8,Automática,Gasolina,7 Pasajeros,1,"B/.8,950 (Rebajado 6%)"
Audi,Q3,2018,4 CILINDRO TURBO,Automática,Gasolina,5 Pasajeros,80'000,"B/.14,900 (Rebajado 12%)"
Suzuki,SX4,2017,4 CILINDRO,Automática,Gasolina,5 Pasajeros,1,"B/.8,900"
Mazda,CX-9,2023,4CLY turbo,Automática,Gasolina,7 Pasajeros,20'635,"B/.35,995"
Honda,Odyssey,2020,3.5 6CYL,Automática,Gasolina,7 Pasajeros,40'200,"B/.29,995"
Ford,Escape,2020,1.5 3 CLY Turbo,Automática,Gasolina,5 Pasajeros,26'200,"B/.15,995"
Ford,Explorer,2021,2.3 Ecoboost 4CLY Turbo,Automática,Gasolina,7 Pasajeros,69'870,"B/.29,995"
Acura,MDX,2014,V6,Automática,Gasolina,5 Pasajeros,2,"B/.13,500"
Infiniti,QX56,2006,V8,Automática,Gasolina,5 Pasajeros,1,"B/.6,900"
Jeep,Cherokee,2005,V6,Automática,Gasolina,5 Pasajeros,1,"B/.5,950 (Rebajado 14%)"
Porsche,Cayenne,2011,V6,Automática,Gasolina,5 Pasajeros,88'000,"B/.11,900 (Rebajado 14%)"
Volkswagen,Jetta,2011,4 cilindro,Automática,Gasolina,5 Pasajeros,1,"B/.5,950 (Rebajado 14%)"
Mazda,CX-9,2016,V6,Automática,Gasolina,7 Pasajeros,1,"B/.10,900"
Ford,F-150,2012,V6 TURBO,Automática,Gasolina,5 Pasajeros,1,"B/.14,950 (Rebajado 6%)"
Nissan,Murano,2011,V6,Automática,Gasolina,5 Pasajeros,1,"B/.5,964 (Rebajado 54%)"
Lincoln,Navigator,2012,V8,Automática,Gasolina,7 Pasajeros,1,"B/.9,950 (Rebajado 23%)"
Mercedes Benz,ML,2014,V6,Automática,Gasolina,5 Pasajeros,90'000,"B/.13,950 (Rebajado 6%)"
Nissan,Sentra,2015,4 CILINDRO,Automática,Gasolina,5 Pasajeros,1,"B/.5,900 (Rebajado 34%)"
Lexus,LX 570,2013,V8,Automática,Gasolina,7 Pasajeros,1,"B/.27,950"
Ford,Explorer,2015,V6,Automática,Gasolina,7 Pasajeros,100'000,"B/.11,900"
MG,3,2014,4 cilindro,Manual,Gasolina,4 Pasajeros,1,"B/.4,900 (Rebajado 1%)"
Nissan,Pathfinder,2015,V6,Automática,Gasolina,7 Pasajeros,83'000,"B/.10,900 (Rebajado 9%)"
Lexus,RX,2020,¡Pregunta al anunciante!,Automática,Híbrido,¡Pregunta al anunciante!,35'000,"B/.39,900"
BMW,M4,2016,¡Pregunta al anunciante!,Automática,Gasolina,¡Pregunta al anunciante!,34'000,"B/.45,900"
Toyota,Prado,2018,¡Pregunta al anunciante!,Automática,Gasolina,¡Pregunta al anunciante!,60'000,"B/.51,900"
Hyundai,Tucson,2023,¡Pregunta al anunciante!,Automática,Gasolina,¡Pregunta al anunciante!,37'000,"B/.22,900"
Kia,Sportage,2019,¡Pregunta al anunciante!,Automática,Gasolina,¡Pregunta al anunciante!,127'000,"B/.12,900 (Rebajado 48%)"
Mazda,CX-5,2023,Motor 2.0 litros 16 válvulas SKYACTIV-G,Automática,Gasolina,5 Pasajeros,10'340,"B/.23,500 (Rebajado 4%)"
Renault,Captur,2018,¡Pregunta al anunciante!,Automática,Gasolina,¡Pregunta al anunciante!,130,"B/.7,300"
Land Rover,Range Rover Sport,2016,¡Pregunta al anunciante!,Automática,Diesel,¡Pregunta al anunciante!,44'000,"B/.34,600"
Mitsubishi,ASX,2022,¡Pregunta al anunciante!,Automática,Gasolina,¡Pregunta al anunciante!,55'000,"B/.16,900"
Nissan,X-Trail,2016,¡Pregunta al anunciante!,Automática,Gasolina,¡Pregunta al anunciante!,140'000,"B/.9,900"
Lexus,LX 570,2013,V8,Automática,Gasolina,7 Pasajeros,1,"B/.27,950"
Audi,Q3,2019,¡Pregunta al anunciante!,Automática,Gasolina,¡Pregunta al anunciante!,75'000,"B/.21,800"
Hyundai,Santa Fe,2015,¡Pregunta al anunciante!,Automática,Gasolina,¡Pregunta al anunciante!,65'000,"B/.11,900 (Rebajado 13%)"
Hyundai,Accent,2020,¡Pregunta al anunciante!,Automática,Gasolina,¡Pregunta al anunciante!,70'000,"B/.9,500"
Hyundai,i30,2012,¡Pregunta al anunciante!,Automática,Gasolina,¡Pregunta al anunciante!,81'226,"B/.6,200 (Rebajado 10%)"
Toyota,Land Cruiser,2016,¡Pregunta al anunciante!,Automática,Diesel,¡Pregunta al anunciante!,91'085,"B/.58,000"
Dodge,Ram Pickup 1500,2012,V8 HEMI,Automática,Gasolina,5 Pasajeros,2,"B/.13,950"
Ford,Explorer,2006,V6,Automática,Gasolina,7 Pasajeros,1,"B/.6,950 (Rebajado 13%)"
Hyundai,Santa Fe,2015,4 CILINDROS,Automática,Gasolina,5 Pasajeros,1,"B/.9,954 (Rebajado 9%)"
BMW,X5,2014,4.4 LITROS,Automática,Gasolina,5 Pasajeros,108'000,"B/.19,000"
Mazda,CX-9,2023,4CLY turbo,Automática,Gasolina,7 Pasajeros,20'635,"B/.35,995"
Honda,Odyssey,2020,3.5 6CYL,Automática,Gasolina,7 Pasajeros,40'200,"B/.29,995"
Ford,Escape,2020,1.5 3 CLY Turbo,Automática,Gasolina,5 Pasajeros,26'200,"B/.15,995"
Ford,Explorer,2021,2.3 Ecoboost 4CLY Turbo,Automática,Gasolina,7 Pasajeros,69'870,"B/.29,995"
Lexus,GX 460,2014,¡Pregunta al anunciante!,Automática,Gasolina,¡Pregunta al anunciante!,70'000,"B/.26,900"
MINI,Cooper,2016,¡Pregunta al anunciante!,Automática,Gasolina,¡Pregunta al anunciante!,50'000,"B/.14,900 (Rebajado 4%)"
Porsche,Panamera,2012,¡Pregunta al anunciante!,Automática,Gasolina,¡Pregunta al anunciante!,35'000,"B/.18,900 (Rebajado 3%)"
Audi,Q5,2020,¡Pregunta al anunciante!,Automática,Gasolina,¡Pregunta al anunciante!,18'000,"B/.32,900"
Land Rover,Velar,2018,¡Pregunta al anunciante!,Automática,Gasolina,¡Pregunta al anunciante!,50'000,"B/.44,900"
Ford,Explorer Sport,2018,3.5L Ecobost V6,Automática,Gasolina,¡Pregunta al anunciante!,100'500,"B/.24,500"
Porsche,Macan,2019,¡Pregunta al anunciante!,Automática,Gasolina,¡Pregunta al anunciante!,77'000,"B/.48,901"
Porsche,Carrera GT,2014,¡Pregunta al anunciante!,Automática,Gasolina,¡Pregunta al anunciante!,23'000,"B/.89,900"
Ford,Bronco,2022,¡Pregunta al anunciante!,Automática,Gasolina,¡Pregunta al anunciante!,20'000,"B/.54,995 (Rebajado 1%)"
Porsche,Panamera,2014,¡Pregunta al anunciante!,Automática,Híbrido,4 Pasajeros,47'800,"B/.38,000"
Kia,Sportage,2015,¡Pregunta al anunciante!,Automática,Gasolina,5 Pasajeros,68'300,"B/.11,900 (Rebajado 8%)"
BMW,IX xdrive 50,2024,¡Pregunta al anunciante!,Automática,Eléctrico,¡Pregunta al anunciante!,13'000,"B/.98,900 (Rebajado 4%)"
Mazda,CX-5,2016,¡Pregunta al anunciante!,Automática,Gasolina,¡Pregunta al anunciante!,26'000,"B/.14,500"
BMW,X1,2019,¡Pregunta al anunciante!,Automática,Gasolina,¡Pregunta al anunciante!,30'000,"B/.18,900 (Rebajado 83%)"
Ford,Explorer,2015,¡Pregunta al anunciante!,Automática,Gasolina,¡Pregunta al anunciante!,15'000,"B/.8,500"
Toyota,Yaris,2022,1.5,Automática,Gasolina,5 Pasajeros,50'000,"B/.13,800 (Rebajado 3%)"
Ford,Mustang,2006,4 CILINDRO,Automática,Gasolina,4 Pasajeros,1,"B/.7,500 (Rebajado 16%)"
BMW,X5,2015,¡Pregunta al anunciante!,Automática,Gasolina,¡Pregunta al anunciante!,91'000,"B/.15,500 (Rebajado 11%)"
Audi,Q5,2014,¡Pregunta al anunciante!,Automática,Diesel,¡Pregunta al anunciante!,70'500,"B/.11,000 (Rebajado 19%)"
BMW,X5,2015,¡Pregunta al anunciante!,Automática,Gasolina,¡Pregunta al anunciante!,91'000,"B/.15,500 (Rebajado 11%)"
Jeep,Wrangler,2021,4 cilindros 2.0 turbo,Automática,Gas,¡Pregunta al anunciante!,40'000,"B/.44,500 (Rebajado 4%)"
Lexus,lx600,2023,¡Pregunta al anunciante!,Automática,Gasolina,¡Pregunta al anunciante!,17'000,"B/.147,500"
Chevrolet,Tahoe,2020,¡Pregunta al anunciante!,Automática,Gasolina,¡Pregunta al anunciante!,34'000,"B/.38,500"
Audi,Q5,2017,¡Pregunta al anunciante!,Automática,Gasolina,¡Pregunta al anunciante!,110'000,"B/.17,900 (Rebajado 3%)"
Suzuki,Grand Vitara,2014,¡Pregunta al anunciante!,Automática,Gasolina,¡Pregunta al anunciante!,92'000,"B/.9,995"
Nissan,Kicks,2020,¡Pregunta al anunciante!,Manual,Gasolina,¡Pregunta al anunciante!,85'000,"B/.10,995"
Mazda,CX-5,2024,¡Pregunta al anunciante!,Automática,Gasolina,¡Pregunta al anunciante!,936,"B/.22,995 (Rebajado 4%)"
Toyota,RAV4 Hybrid,2020,¡Pregunta al anunciante!,Automática,Gasolina,¡Pregunta al anunciante!,49'800,"B/.29,995 (Rebajado 3%)"
Land Rover,Range Rover Velar,2018,¡Pregunta al anunciante!,Automática,Gasolina,¡Pregunta al anunciante!,43'750,"B/.39,995 (Rebajado 11%)"
Toyota,Hilux,2022,¡Pregunta al anunciante!,Manual,Diesel,¡Pregunta al anunciante!,70'000,"B/.24,995 (Rebajado 4%)"
Hyundai,Tucson,2022,¡Pregunta al anunciante!,Automática,Gasolina,¡Pregunta al anunciante!,56'000,"B/.18,995 (Rebajado 5%)"
GMC,Yukon,2008,V8,Automática,Gasolina,7 Pasajeros,1,"B/.8,950 (Rebajado 6%)"
Audi,Q3,2018,4 CILINDRO TURBO,Automática,Gasolina,5 Pasajeros,80'000,"B/.14,900 (Rebajado 12%)"
Suzuki,SX4,2017,4 CILINDRO,Automática,Gasolina,5 Pasajeros,1,"B/.8,900"
Acura,MDX,2014,V6,Automática,Gasolina,5 Pasajeros,2,"B/.13,500"
Volkswagen,Jetta,2011,4 cilindro,Automática,Gasolina,5 Pasajeros,1,"B/.5,950 (Rebajado 14%)"
Infiniti,QX56,2006,V8,Automática,Gasolina,5 Pasajeros,1,"B/.6,900"
Porsche,Cayenne,2011,V6,Automática,Gasolina,5 Pasajeros,88'000,"B/.11,900 (Rebajado 14%)"
Jeep,Cherokee,2005,V6,Automática,Gasolina,5 Pasajeros,1,"B/.5,950 (Rebajado 14%)"
Ford,F-150,2012,V6 TURBO,Automática,Gasolina,5 Pasajeros,1,"B/.14,950 (Rebajado 6%)"
Lincoln,Navigator,2012,V8,Automática,Gasolina,7 Pasajeros,1,"B/.9,950 (Rebajado 23%)"
Nissan,Sentra,2015,4 CILINDRO,Automática,Gasolina,5 Pasajeros,1,"B/.5,900 (Rebajado 34%)"
Mercedes Benz,ML,2014,V6,Automática,Gasolina,5 Pasajeros,90'000,"B/.13,950 (Rebajado 6%)"
Jaguar,XE,2016,¡Pregunta al anunciante!,Automática,Gasolina,¡Pregunta al anunciante!,60'000,"B/.11,900 (Rebajado 5%)"
Aston Martin,V8 Vantage,2007,V8,Manual,Gasolina,2 Pasajeros,25'000,"B/.54,900"
BMW,X1,2024,¡Pregunta al anunciante!,Automática,Gasolina,¡Pregunta al anunciante!,11'651,"B/.42,995"
Nissan,X-Trail,2020,¡Pregunta al anunciante!,Automática,Gasolina,¡Pregunta al anunciante!,42'600,"B/.19,995"
Toyota,Corolla,2022,¡Pregunta al anunciante!,Automática,Gasolina,¡Pregunta al anunciante!,21'000,"B/.21,995"
Mercedes Benz,GLC-Class,2020,¡Pregunta al anunciante!,Automática,Gasolina,¡Pregunta al anunciante!,18'000,"B/.31,995"
Land Rover,Range Rover Sport,2020,¡Pregunta al anunciante!,Automática,Gasolina,¡Pregunta al anunciante!,45'900,"B/.67,900"
BMW,X3,2018,¡Pregunta al anunciante!,Automática,Gasolina,5 Pasajeros,54'000,"B/.29,900"
Toyota,Land Cruiser,2015,¡Pregunta al anunciante!,Automática,Diesel,¡Pregunta al anunciante!,140'000,"B/.48,000 (Rebajado 4%)"
Nissan,CIVILIAN,2015,¡Pregunta al anunciante!,Manual,Diesel,¡Pregunta al anunciante!,28'000,"B/.42,900"
Mercedes Benz,GLE-Class,2018,¡Pregunta al anunciante!,Automática,Diesel,¡Pregunta al anunciante!,45'000,"B/.23,900"
Honda,Odyssey,2015,¡Pregunta al anunciante!,Automática,Gasolina,¡Pregunta al anunciante!,168'000,"B/.10,500 (Rebajado 12%)"
Toyota,Prado,2022,2.8 TURBO DIESEL,Automática,Diesel,7 Pasajeros,19'800,"B/.52,988"
Ford,F-150,2021,¡Pregunta al anunciante!,Automática,Gasolina,¡Pregunta al anunciante!,41'000,"B/.37,995"
Toyota,Land Cruiser,2016,¡Pregunta al anunciante!,Automática,Diesel,¡Pregunta al anunciante!,148'000,"B/.60,999"
Mazda,CX-3,2021,¡Pregunta al anunciante!,Automática,Gasolina,¡Pregunta al anunciante!,64'000,"B/.15,500"
BMW,X5,2020,¡Pregunta al anunciante!,Automática,Diesel,¡Pregunta al anunciante!,41'000,"B/.49,995"
Honda,CR-V,2017,¡Pregunta al anunciante!,Automática,Gasolina,¡Pregunta al anunciante!,72'000,"B/.18,995 (Rebajado 3%)"
Mercedes Benz,CLS 53,2020,¡Pregunta al anunciante!,Automática,Gasolina,¡Pregunta al anunciante!,15'000,"B/.68,000"
Nissan,Frontier,2022,¡Pregunta al anunciante!,Manual,Diesel,¡Pregunta al anunciante!,1,"B/.17,999 (Rebajado 8%)"
Nissan,Kicks,2018,¡Pregunta al anunciante!,Automática,Gasolina,¡Pregunta al anunciante!,56'000,"B/.12,500 (Rebajado 3%)"
Porsche,911,2014,¡Pregunta al anunciante!,Automática,Gasolina,¡Pregunta al anunciante!,13'334,"B/.135,000"
Mitsubishi,Xpander,2022,¡Pregunta al anunciante!,Automática,Gasolina,¡Pregunta al anunciante!,15'142,"B/.16,900"
Nissan,Navara,2013,¡Pregunta al anunciante!,Manual,Diesel,¡Pregunta al anunciante!,146'427,"B/.11,900"
Mercedes Benz,GLC-Class Coupe,2017,¡Pregunta al anunciante!,Automática,Gasolina,¡Pregunta al anunciante!,53'000,"B/.24,995 (Rebajado 7%)"
Subaru,Forester,2018,¡Pregunta al anunciante!,Automática,Gasolina,¡Pregunta al anunciante!,120'000,"B/.12,500"
Nissan,Frontier,2022,¡Pregunta al anunciante!,Automática,Diesel,¡Pregunta al anunciante!,48'340,"B/.31,995 (Rebajado 6%)"
Toyota,Yaris,2021,¡Pregunta al anunciante!,Automática,Gasolina,¡Pregunta al anunciante!,79'000,"B/.12,995 (Rebajado 4%)"
Mazda,CX-5,2015,¡Pregunta al anunciante!,Automática,Gasolina,¡Pregunta al anunciante!,93'000,"B/.10,995 (Rebajado 8%)"
Mazda,CX-5,2019,¡Pregunta al anunciante!,Automática,Gasolina,¡Pregunta al anunciante!,52'000,"B/.15,995 (Rebajado 6%)"
Audi,A1,2013,¡Pregunta al anunciante!,Automática,Gasolina,¡Pregunta al anunciante!,39'341,"B/.9,999"
Mercedes Benz,GLC-Class,2017,¡Pregunta al anunciante!,Automática,Gasolina,¡Pregunta al anunciante!,53'000,"B/.19,900"
Honda,Civic,2022,¡Pregunta al anunciante!,Automática,Gasolina,¡Pregunta al anunciante!,15'385,"B/.20,995"
Hyundai,Kona,2022,¡Pregunta al anunciante!,Automática,Gasolina,¡Pregunta al anunciante!,74'906,"B/.15,995 (Rebajado 18%)"
Ford,EDGE,2021,¡Pregunta al anunciante!,Automática,Gasolina,¡Pregunta al anunciante!,65'000,"B/.20,995"
Audi,Q7,2016,¡Pregunta al anunciante!,Automática,Diesel,¡Pregunta al anunciante!,113'300,"B/.19,995 (Rebajado 26%)"
Audi,Q5,2017,¡Pregunta al anunciante!,Automática,Gasolina,¡Pregunta al anunciante!,101'000,"B/.13,900"
Mercedes Benz,GLE-Class,2018,¡Pregunta al anunciante!,Automática,Gasolina,¡Pregunta al anunciante!,67'000,"B/.29,900 (Rebajado 14%)"
MINI,Cooper Countryman,2019,¡Pregunta al anunciante!,Automática,Gasolina,¡Pregunta al anunciante!,30'000,"B/.17,900"
BMW,X3,2023,¡Pregunta al anunciante!,Automática,Gasolina,¡Pregunta al anunciante!,25'000,"B/.46,000 (Rebajado 8%)"
Land Rover,Range Rover Sport,2019,¡Pregunta al anunciante!,Automática,Gasolina,¡Pregunta al anunciante!,29'000,"B/.64,900 (Rebajado 19%)"
Lexus,RX 350,2013,¡Pregunta al anunciante!,Automática,Gasolina,¡Pregunta al anunciante!,68'000,"B/.13,900"
Nissan,Qashqai,2016,¡Pregunta al anunciante!,Automática,Gasolina,¡Pregunta al anunciante!,79'600,"B/.10,900 (Rebajado 8%)"
Kia,Rio,2022,¡Pregunta al anunciante!,Automática,Gasolina,¡Pregunta al anunciante!,76'000,"B/.11,995 (Rebajado 8%)"
Land Rover,Range Rover Evoque,2018,¡Pregunta al anunciante!,Automática,Gasolina,¡Pregunta al anunciante!,32'800,"B/.26,900"
Mercedes Benz,GLC-Class,2018,¡Pregunta al anunciante!,Automática,Gasolina,¡Pregunta al anunciante!,43'000,"B/.23,800"
Toyota,Prado,2022,¡Pregunta al anunciante!,Automática,Diesel,¡Pregunta al anunciante!,98'162,"B/.44,495 (Rebajado 4%)"
Kia,Sportage,2021,¡Pregunta al anunciante!,Automática,Gasolina,¡Pregunta al anunciante!,82'508,"B/.17,495 (Rebajado 8%)"
Kia,Sorento,2022,¡Pregunta al anunciante!,Automática,Gasolina,¡Pregunta al anunciante!,72'740,"B/.25,995 (Rebajado 2%)"
Nissan,X-Trail,2022,¡Pregunta al anunciante!,Automática,Gasolina,¡Pregunta al anunciante!,91'205,"B/.18,495 (Rebajado 10%)"
Toyota,Fortuner,2021,¡Pregunta al anunciante!,Automática,Diesel,¡Pregunta al anunciante!,102'605,"B/.35,995 (Rebajado 9%)"
Hyundai,Kona,2022,¡Pregunta al anunciante!,Automática,Gasolina,¡Pregunta al anunciante!,69'927,"B/.15,995 (Rebajado 18%)"
Nissan,Kicks,2022,¡Pregunta al anunciante!,Automática,Gasolina,¡Pregunta al anunciante!,74'372,"B/.15,995 (Rebajado 6%)"
Hyundai,Tucson,2022,¡Pregunta al anunciante!,Automática,Gasolina,¡Pregunta al anunciante!,91'021,"B/.19,495 (Rebajado 5%)"
Suzuki,Ciaz,2022,¡Pregunta al anunciante!,Automática,Gasolina,¡Pregunta al anunciante!,88'078,"B/.10,995 (Rebajado 15%)"
Porsche,Cayenne,2018,¡Pregunta al anunciante!,Automática,Gasolina,¡Pregunta al anunciante!,23'000,"B/.40,900 (Rebajado 2%)"
Mercedes Benz,GLC-Class,2017,¡Pregunta al anunciante!,Automática,Gasolina,¡Pregunta al anunciante!,39'000,"B/.21,900 (Rebajado 4%)"
MINI,Cooper Countryman,2019,¡Pregunta al anunciante!,Automática,Gasolina,¡Pregunta al anunciante!,63'000,"B/.15,900 (Rebajado 6%)"
Hyundai,Tucson,2022,¡Pregunta al anunciante!,Automática,Gasolina,¡Pregunta al anunciante!,91'021,"B/.19,495 (Rebajado 5%)"
BMW,X7,2020,¡Pregunta al anunciante!,Automática,Gasolina,¡Pregunta al anunciante!,40'000,"B/.75,000"
Honda,CR-V,2019,¡Pregunta al anunciante!,Automática,Gasolina,¡Pregunta al anunciante!,136'000,"B/.20,500 (Rebajado 3%)"
Toyota,Yaris,2023,¡Pregunta al anunciante!,Automática,Gasolina,¡Pregunta al anunciante!,6'000,"B/.17,500"
Lexus,RX,2018,¡Pregunta al anunciante!,Automática,Gasolina,¡Pregunta al anunciante!,77'000,"B/.34,900"
Lexus,UX 250h,2020,¡Pregunta al anunciante!,Automática,Gasolina,¡Pregunta al anunciante!,22'000,"B/.26,500"
Toyota,RAV4 Hybrid,2020,¡Pregunta al anunciante!,Automática,Gasolina,¡Pregunta al anunciante!,22'000,"B/.33,300"
Mercedes Benz,GLA-Class,2023,¡Pregunta al anunciante!,Automática,Gasolina,¡Pregunta al anunciante!,123,"B/.44,000"
Toyota,Sequoia,2024,3.5L Twin Turbo iForce MAX Hybrid,Automática,Híbrido,7 Pasajeros,8,"B/.98,900"
Toyota,Tacoma,2024,¡Pregunta al anunciante!,Automática,Gasolina,5 Pasajeros,8,"B/.58,900"
Toyota,Tundra,2024,3.4L Twin Turbo iFORCE Max,Automática,Híbrido,5 Pasajeros,10,"B/.95,900"
Ford,Bronco,2023,2 cilindros 2.7litros Turbo,Automática,Gasolina,4 Pasajeros,181,"B/.75,000"
Toyota,Corolla,2023,3 Cilindros Turbo,5+,Gasolina,5 Pasajeros,46,"B/.60,495"
Nissan,Z,2024,3.0 V6 doble turbo 400 HP,5+,Gasolina,2 Pasajeros,22,"B/.87,775"
Toyota,Tacoma,2023,V6 3.5 litros,Automática,Gasolina,5 Pasajeros,61,"B/.75,047"
BYD,Yuan Plus EV,2023,Electrico,Otros,Eléctrico,5 Pasajeros,10,"B/.41,950 (Rebajado 6%)"
Ford,F-150,2016,¡Pregunta al anunciante!,Automática,Gasolina,¡Pregunta al anunciante!,1,"B/.31,999"
Kia,Seltos,2022,¡Pregunta al anunciante!,Automática,Gasolina,¡Pregunta al anunciante!,62'000,"B/.17,899"
Ford,Edge,2013,¡Pregunta al anunciante!,Automática,Gasolina,¡Pregunta al anunciante!,1,"B/.9,499"
Hyundai,Creta,2018,¡Pregunta al anunciante!,Manual,Gasolina,¡Pregunta al anunciante!,1,"B/.9,799"
Kia,Sportage,2020,¡Pregunta al anunciante!,Automática,Gasolina,¡Pregunta al anunciante!,38'000,"B/.16,999"
Nissan,Kicks,2019,¡Pregunta al anunciante!,Automática,Gasolina,¡Pregunta al anunciante!,1,"B/.13,499"
Land Rover,Range Rover Sport,2015,¡Pregunta al anunciante!,Automática,Diesel,¡Pregunta al anunciante!,60'000,"B/.33,500"
Hyundai,Accent,2010,¡Pregunta al anunciante!,Manual,Gasolina,¡Pregunta al anunciante!,336'000,"B/.3,800"
Kia,Cerato,2013,¡Pregunta al anunciante!,Automática,Gasolina,¡Pregunta al anunciante!,170,"B/.5,499"
Suzuki,Ertiga,2021,¡Pregunta al anunciante!,Automática,Gasolina,¡Pregunta al anunciante!,71'900,"B/.13,900"
Ford,Bronco,2022,¡Pregunta al anunciante!,Automática,Gasolina,¡Pregunta al anunciante!,20'000,"B/.59,900"
Land Rover,Discovery,2018,¡Pregunta al anunciante!,Automática,Diesel,¡Pregunta al anunciante!,46'000,"B/.41,995 (Rebajado 26%)"
MINI,Cooper,2023,¡Pregunta al anunciante!,Automática,Eléctrico,¡Pregunta al anunciante!,4'900,"B/.32,500 (Rebajado 2%)"
BMW,X4,2017,¡Pregunta al anunciante!,Automática,Gasolina,¡Pregunta al anunciante!,68'000,"B/.19,995 (Rebajado 64%)"
Toyota,Prado,2014,¡Pregunta al anunciante!,Automática,Diesel,¡Pregunta al anunciante!,121,"B/.30,899"
Toyota,Prado,2018,¡Pregunta al anunciante!,Automática,Diesel,¡Pregunta al anunciante!,106'919,"B/.35,900"
Chevrolet,Trax,2017,¡Pregunta al anunciante!,Automática,Gasolina,¡Pregunta al anunciante!,130'000,"B/.10,500"
Kia,RIO,2024,¡Pregunta al anunciante!,Automática,Gasolina,¡Pregunta al anunciante!,27'746,"B/.12,998"
Kia,RIO,2023,¡Pregunta al anunciante!,Automática,Gasolina,¡Pregunta al anunciante!,19'971,"B/.13,498"
Kia,RIO,2024,¡Pregunta al anunciante!,Automática,Gasolina,¡Pregunta al anunciante!,34'675,"B/.12,298"
Toyota,Land Cruiser,2023,¡Pregunta al anunciante!,Manual,Diesel,¡Pregunta al anunciante!,11'626,"B/.34,998"
Suzuki,Jimny,2023,¡Pregunta al anunciante!,Manual,Gasolina,¡Pregunta al anunciante!,36'816,"B/.16,798"
Suzuki,Jimny,2023,¡Pregunta al anunciante!,Manual,Gasolina,¡Pregunta al anunciante!,29'901,"B/.17,398"
Hyundai,Creta,2023,¡Pregunta al anunciante!,Automática,Gasolina,¡Pregunta al anunciante!,32'000,"B/.16,598"
Nissan,X-Trail,2019,¡Pregunta al anunciante!,Automática,Gasolina,7 Pasajeros,50'000,"B/.15,000 (Rebajado 2%)"
Jeep,Wrangler,2023,¡Pregunta al anunciante!,Automática,Gasolina,¡Pregunta al anunciante!,16'371,"B/.67,900"
Lincoln,Navigator,2018,¡Pregunta al anunciante!,Automática,Gasolina,¡Pregunta al anunciante!,40'973,"B/.44,900"
BMW,X1,2017,2.0,Automática,Gasolina,5 Pasajeros,70'000,"B/.16,900"
Volkswagen,Atlas,2020,¡Pregunta al anunciante!,Automática,Gasolina,¡Pregunta al anunciante!,56'000,"B/.35,000"
Honda,CR-V,2009,¡Pregunta al anunciante!,Automática,Gasolina,¡Pregunta al anunciante!,89'000,"B/.5,995"
Volkswagen,Touareg 2,2014,¡Pregunta al anunciante!,Automática,Gasolina,¡Pregunta al anunciante!,93'600,"B/.13,900"
Hyundai,Active,2019,1.4,Automática,Gasolina,5 Pasajeros,84'676,"B/.9,995 (Rebajado 23%)"
Honda,HR-V,2016,1.8,Automática,Gasolina,5 Pasajeros,78'729,"B/.13,495"
Chevrolet,N400,2022,¡Pregunta al anunciante!,Manual,Gasolina,¡Pregunta al anunciante!,54'000,"B/.11,000"
Hyundai,Santa Fe,2022,"2,500cc",Automática,Gasolina,7 Pasajeros,23'711,"B/.26,000"
Suzuki,Dzire,2013,¡Pregunta al anunciante!,Manual,Gasolina,¡Pregunta al anunciante!,84'550,"B/.5,250"
Nissan,Qashqai,2011,¡Pregunta al anunciante!,Automática,Gasolina,5 Pasajeros,165'000,"B/.7,000"
Kia,Picanto,2023,¡Pregunta al anunciante!,Automática,Gasolina,¡Pregunta al anunciante!,21'600,"B/.11,900"
BMW,X3,2013,2.0,Automática,Gasolina,5 Pasajeros,106'413,"B/.11,650 (Rebajado 2%)"
Mazda,BT-50,2019,¡Pregunta al anunciante!,Automática,Diesel,¡Pregunta al anunciante!,58'299,"B/.19,900"
Toyota,Corolla,2023,¡Pregunta al anunciante!,Automática,Gasolina,¡Pregunta al anunciante!,18'500,"B/.20,500"
Honda,Odyssey,2013,¡Pregunta al anunciante!,Automática,Gasolina,7-10 Pasajeros,72'500,"B/.12,400"
Mitsubishi,Montero,2001,¡Pregunta al anunciante!,Automática,Diesel,¡Pregunta al anunciante!,199'108,"B/.3,000"
Fiat,Cronos,2021,¡Pregunta al anunciante!,Automática,Gasolina,¡Pregunta al anunciante!,20'000,"B/.8,000 (Rebajado 20%)"
Infiniti,Q50,2015,3.5,Automática,Gasolina,5 Pasajeros,95'000,"B/.13,500"
Ford,Explorer,2006,V6,Automática,Gasolina,7 Pasajeros,1,"B/.6,950 (Rebajado 13%)"
Ford,Explorer,2015,V6,Automática,Gasolina,7 Pasajeros,100'000,"B/.11,900"
Mercedes Benz,ML,2014,V6,Automática,Gasolina,5 Pasajeros,90'000,"B/.13,950 (Rebajado 6%)"
Nissan,Titan,2006,V8,Automática,Gasolina,5 Pasajeros,1,"B/.4,500 (Rebajado 59%)"
Mercedes Benz,GLA-Class,2019,¡Pregunta al anunciante!,Automática,Gasolina,¡Pregunta al anunciante!,73'061,"B/.18,999"
Honda,CR-V,2023,¡Pregunta al anunciante!,Automática,Gasolina,¡Pregunta al anunciante!,5'499,"B/.36,999 (Rebajado 5%)"
Toyota,Prado,2017,¡Pregunta al anunciante!,Automática,Gasolina,¡Pregunta al anunciante!,94'818,"B/.27,999"
Nissan,Frontier,2023,¡Pregunta al anunciante!,Manual,Diesel,¡Pregunta al anunciante!,22'442,"B/.27,500"
Kia,Picanto,2015,¡Pregunta al anunciante!,Automática,Gasolina,¡Pregunta al anunciante!,40'000,"B/.9,000"
Toyota,Yaris,2022,1.5,Automática,Gasolina,5 Pasajeros,50'000,"B/.13,800 (Rebajado 3%)"
Suzuki,Jimny,2022,1.5,Automática,Gasolina,4 Pasajeros,45'000,"B/.17,600"
Mazda,CX-9,2023,4CLY turbo,Automática,Gasolina,7 Pasajeros,20'635,"B/.33,995"
Ford,Explorer,2006,V6,Automática,Gasolina,7 Pasajeros,1,"B/.6,950 (Rebajado 13%)"
Nissan,Frontier,2017,¡Pregunta al anunciante!,Manual,Diesel,¡Pregunta al anunciante!,140'945,"B/.14,999"
Infiniti,Q50,2015,3.5,Automática,Gasolina,5 Pasajeros,95'000,"B/.13,500"
Ford,Explorer,2006,V6,Automática,Gasolina,7 Pasajeros,1,"B/.6,950 (Rebajado 13%)"
Ford,Explorer,2015,V6,Automática,Gasolina,7 Pasajeros,100'000,"B/.11,900"
Mercedes Benz,ML,2014,V6,Automática,Gasolina,5 Pasajeros,90'000,"B/.13,950 (Rebajado 6%)"
Nissan,Titan,2006,V8,Automática,Gasolina,5 Pasajeros,1,"B/.4,500 (Rebajado 59%)"
Nissan,X-Trail,2014,¡Pregunta al anunciante!,Automática,Gasolina,¡Pregunta al anunciante!,115'000,"B/.8,499 (Rebajado 15%)"
Toyota,Camry,2013,¡Pregunta al anunciante!,Automática,Gasolina,¡Pregunta al anunciante!,115'000,"B/.9,699"
Audi,Q5,2018,¡Pregunta al anunciante!,Automática,Gasolina,¡Pregunta al anunciante!,1,"B/.27,699 (Rebajado 16%)"
Hyundai,Accent,2024,¡Pregunta al anunciante!,Automática,Gasolina,¡Pregunta al anunciante!,3'000,"B/.15,799"
Chevrolet,Captiva,2022,¡Pregunta al anunciante!,Automática,Gasolina,¡Pregunta al anunciante!,47'000,"B/.17,499"
Toyota,Yaris,2018,¡Pregunta al anunciante!,Automática,Gasolina,¡Pregunta al anunciante!,1,"B/.11,899"
Suzuki,Vitara,2022,¡Pregunta al anunciante!,Automática,Gasolina,¡Pregunta al anunciante!,27'000,"B/.17,499"
Nissan,Qashqai,2016,¡Pregunta al anunciante!,Automática,Gasolina,¡Pregunta al anunciante!,82'000,"B/.10,799"
Ford,Eco Sport,2017,¡Pregunta al anunciante!,Automática,Gasolina,¡Pregunta al anunciante!,1,"B/.8,499"
Suzuki,Vitara,2020,¡Pregunta al anunciante!,Automática,Gasolina,¡Pregunta al anunciante!,1,"B/.12,799"
Ford,Explorer,2018,¡Pregunta al anunciante!,Automática,Gasolina,¡Pregunta al anunciante!,85'000,"B/.17,500"
Land Rover,Range Rover,2014,¡Pregunta al anunciante!,Automática,Gasolina,¡Pregunta al anunciante!,68'000,"B/.34,500"
Toyota,Yaris,2017,¡Pregunta al anunciante!,Automática,Gasolina,¡Pregunta al anunciante!,179'492,"B/.8,900"
Ford,Explorer,2006,V6,Automática,Gasolina,7 Pasajeros,1,"B/.6,950 (Rebajado 13%)"
Ford,Explorer,2015,V6,Automática,Gasolina,7 Pasajeros,100'000,"B/.11,900"
Nissan,Almera,2007,¡Pregunta al anunciante!,Automática,Gasolina,¡Pregunta al anunciante!,240'000,"B/.3,000 (Rebajado 6%)"
BMW,X1,2011,6 CILINDROS,Automática,Gasolina,5 Pasajeros,1,"B/.6,900 (Rebajado 31%)"
Audi,Q3,2018,4 CILINDRO TURBO,Automática,Gasolina,5 Pasajeros,80'000,"B/.14,900 (Rebajado 12%)"
Toyota,RAV4,2023,¡Pregunta al anunciante!,Automática,Gasolina,¡Pregunta al anunciante!,35'500,"B/.24,500 (Rebajado 8%)"
BMW,X1,2011,6 CILINDROS,Automática,Gasolina,5 Pasajeros,1,"B/.6,900 (Rebajado 31%)"
Audi,Q3,2018,4 CILINDRO TURBO,Automática,Gasolina,5 Pasajeros,80'000,"B/.14,900 (Rebajado 12%)"
Hyundai,Tucson,2008,4 CIlindro,Manual,Gasolina,5 Pasajeros,1,"B/.4,900 (Rebajado 29%)"
Acura,MDX,2014,V6,Automática,Gasolina,5 Pasajeros,2,"B/.13,500"
Kia,Sorento,2019,¡Pregunta al anunciante!,Automática,Gasolina,7 Pasajeros,117'700,"B/.14,995"
Mazda,CX-9,2016,V6,Automática,Gasolina,7 Pasajeros,1,"B/.10,900"
Ford,Explorer,2006,V6,Automática,Gasolina,7 Pasajeros,1,"B/.6,950 (Rebajado 13%)"
MG,3,2014,4 cilindro,Manual,Gasolina,4 Pasajeros,1,"B/.4,900 (Rebajado 1%)"
BMW,X1,2011,6 CILINDROS,Automática,Gasolina,5 Pasajeros,1,"B/.6,900 (Rebajado 31%)"
Audi,Q3,2018,4 CILINDRO TURBO,Automática,Gasolina,5 Pasajeros,80'000,"B/.14,900 (Rebajado 12%)"
Hyundai,Tucson,2008,4 CIlindro,Manual,Gasolina,5 Pasajeros,1,"B/.4,900 (Rebajado 29%)"
Acura,MDX,2014,V6,Automática,Gasolina,5 Pasajeros,2,"B/.13,500"
Kia,Sorento,2019,¡Pregunta al anunciante!,Automática,Gasolina,7 Pasajeros,117'700,"B/.14,995"
Mazda,CX-9,2016,V6,Automática,Gasolina,7 Pasajeros,1,"B/.10,900"
Ford,Explorer,2006,V6,Automática,Gasolina,7 Pasajeros,1,"B/.6,950 (Rebajado 13%)"
Ford,Explorer,2015,V6,Automática,Gasolina,7 Pasajeros,100'000,"B/.11,900"
Mercedes Benz,ML,2014,V6,Automática,Gasolina,5 Pasajeros,90'000,"B/.13,950 (Rebajado 6%)"
Nissan,Titan,2006,V8,Automática,Gasolina,5 Pasajeros,1,"B/.4,500 (Rebajado 59%)"
Mercedes Benz,GLA-Class,2019,¡Pregunta al anunciante!,Automática,Gasolina,¡Pregunta al anunciante!,73'061,"B/.18,999"
Toyota,Prado,2017,¡Pregunta al anunciante!,Automática,Gasolina,¡Pregunta al anunciante!,94'818,"B/.27,999"
Nissan,Frontier,2023,¡Pregunta al anunciante!,Manual,Diesel,¡Pregunta al anunciante!,22'442,"B/.27,500"
Honda,CR-V,2023,¡Pregunta al anunciante!,Automática,Gasolina,¡Pregunta al anunciante!,5'499,"B/.36,999 (Rebajado 5%)"
MG,3,2014,4 cilindro,Manual,Gasolina,4 Pasajeros,1,"B/.4,900 (Rebajado 1%)"
Ford,Mustang,2006,4 CILINDRO,Automática,Gasolina,4 Pasajeros,1,"B/.7,500 (Rebajado 16%)"
BMW,X1,2019,¡Pregunta al anunciante!,Automática,Gasolina,¡Pregunta al anunciante!,63'000,"B/.15,500 (Rebajado 8%)"
Toyota,Tundra,2016,¡Pregunta al anunciante!,Automática,Gasolina,¡Pregunta al anunciante!,34'850,B/.195.00
Toyota,Fortuner,2023,¡Pregunta al anunciante!,Automática,Diesel,7 Pasajeros,23'000,"B/.50,000"
BMW,316,2015,1.6,Automática,Gasolina,5 Pasajeros,37'000,"B/.15,000 (Rebajado 6%)"
Ford,Ranger,2013,¡Pregunta al anunciante!,Automática,Diesel,¡Pregunta al anunciante!,133'000,"B/.14,800"
Nissan,March,2016,¡Pregunta al anunciante!,Automática,Gasolina,¡Pregunta al anunciante!,85'000,"B/.5,900"
Toyota,Yaris,2008,¡Pregunta al anunciante!,Manual,Gasolina,¡Pregunta al anunciante!,155'000,"B/.4,500 (Rebajado 4%)"
Mazda,CX-05,2022,¡Pregunta al anunciante!,Automática,Gasolina,¡Pregunta al anunciante!,62'000,"B/.17,800"
Mazda,CX-9,2016,¡Pregunta al anunciante!,Automática,Gasolina,7 Pasajeros,115'000,"B/.13,000 (Rebajado 4%)"
Ford,Escape,2017,¡Pregunta al anunciante!,Automática,Gasolina,¡Pregunta al anunciante!,98'300,"B/.11,900 (Rebajado 5%)"
BMW,328,2012,¡Pregunta al anunciante!,Automática,Gas,¡Pregunta al anunciante!,60'000,"B/.11,800"
Mercedes Benz,GLA-Class,2016,¡Pregunta al anunciante!,Automática,Gasolina,¡Pregunta al anunciante!,123'393,"B/.18,999"
Honda,CR-V,2023,¡Pregunta al anunciante!,Automática,Gasolina,¡Pregunta al anunciante!,5'499,"B/.36,999 (Rebajado 5%)"
Toyota,Prado,2017,¡Pregunta al anunciante!,Automática,Gasolina,¡Pregunta al anunciante!,94'818,"B/.27,999"
Nissan,Frontier,2023,¡Pregunta al anunciante!,Manual,Diesel,¡Pregunta al anunciante!,22'442,"B/.27,500"
BMW,M4,2016,¡Pregunta al anunciante!,Automática,Gasolina,¡Pregunta al anunciante!,34'000,"B/.49,900"
Audi,Q5,2022,¡Pregunta al anunciante!,Automática,Gasolina,¡Pregunta al anunciante!,44'000,"B/.35,900 (Rebajado 3%)"
MINI,Cooper,2023,¡Pregunta al anunciante!,Automática,Gasolina,¡Pregunta al anunciante!,17'000,"B/.30,900 (Rebajado 3%)"
Mercedes Benz,C63 AMG,2016,¡Pregunta al anunciante!,Automática,Gasolina,¡Pregunta al anunciante!,55'000,"B/.37,900"
Jeep,Renegade,2020,¡Pregunta al anunciante!,Automática,Gasolina,¡Pregunta al anunciante!,96'000,"B/.13,900"
Ford,Explorer Sport,2018,3.5L Ecobost V6,Automática,Gasolina,¡Pregunta al anunciante!,100'500,"B/.24,500"
Hyundai,Tucson,2016,¡Pregunta al anunciante!,Manual,Gasolina,¡Pregunta al anunciante!,167'382,"B/.8,500"
Nissan,Pathfinder,2015,¡Pregunta al anunciante!,Automática,Gasolina,¡Pregunta al anunciante!,74'044,"B/.8,999"
Nissan,Frontier,2017,¡Pregunta al anunciante!,Manual,Diesel,¡Pregunta al anunciante!,140'945,"B/.14,999"
Volvo,XC90,2018,¡Pregunta al anunciante!,Automática,Gasolina,¡Pregunta al anunciante!,38'541,"B/.29,000"
Nissan,Frontier,2022,¡Pregunta al anunciante!,Automática,Diesel,¡Pregunta al anunciante!,48'340,"B/.31,995 (Rebajado 6%)"
MG,3,2014,4 cilindro,Manual,Gasolina,4 Pasajeros,1,"B/.4,900 (Rebajado 1%)"
Toyota,Hilux,2022,¡Pregunta al anunciante!,Manual,Diesel,¡Pregunta al anunciante!,70'000,"B/.24,995 (Rebajado 4%)"
Mercedes Benz,GLC-Class Coupe,2017,¡Pregunta al anunciante!,Automática,Gasolina,¡Pregunta al anunciante!,53'000,"B/.24,995 (Rebajado 7%)"
Toyota,Hilux,2022,¡Pregunta al anunciante!,Manual,Diesel,¡Pregunta al anunciante!,70'000,"B/.24,995 (Rebajado 4%)"
Ford,Mustang,2017,4 CILINDRO TURBO,Manual,Gasolina,4 Pasajeros,1,"B/.21,900"
BMW,X3,2018,¡Pregunta al anunciante!,Automática,Gasolina,5 Pasajeros,54'000,"B/.28,900"
Kia,Carnival,2019,4 cILINDRO DIESEL,Automática,Diesel,7-10 Pasajeros,84'000,"B/.15,900 (Rebajado 11%)"
Lexus,LX 570,2010,¡Pregunta al anunciante!,Automática,Gasolina,¡Pregunta al anunciante!,126'103,"B/.19,800"
Nissan,X-Trail,2017,2.5,Automática,Gasolina,7 Pasajeros,91'000,"B/.13,800"
BMW,X1,2011,6 CILINDROS,Automática,Gasolina,5 Pasajeros,1,"B/.6,900 (Rebajado 31%)"
Jeep,Cherokee,2005,V6,Automática,Gasolina,5 Pasajeros,1,"B/.5,950 (Rebajado 14%)"
BMW,3 Series,2015,4 CILINDROS,Automática,Gasolina,7 Pasajeros,90'000,"B/.8,950 (Rebajado 25%)"
Hyundai,Grand i-10 Sedán,2017,¡Pregunta al anunciante!,Automática,Gasolina,¡Pregunta al anunciante!,117'000,"B/.5,500"
Honda,CR-V,2023,¡Pregunta al anunciante!,Automática,Gasolina,¡Pregunta al anunciante!,5'499,"B/.36,999 (Rebajado 5%)"
Ford,EDGE,2021,¡Pregunta al anunciante!,Automática,Gasolina,¡Pregunta al anunciante!,65'000,"B/.20,995"
Toyota,RAV4,2022,¡Pregunta al anunciante!,Automática,Gasolina,¡Pregunta al anunciante!,90'000,"B/.24,995"
Mazda,CX-5,2022,¡Pregunta al anunciante!,Automática,Gasolina,¡Pregunta al anunciante!,45'464,"B/.21,995"
Subaru,Forester,2021,¡Pregunta al anunciante!,Automática,Gasolina,¡Pregunta al anunciante!,17'000,"B/.29,800 (Rebajado 3%)"
Audi,Q7,2016,¡Pregunta al anunciante!,Automática,Diesel,¡Pregunta al anunciante!,113'300,"B/.19,995 (Rebajado 26%)"
Honda,Odyssey,2020,3.5 6CYL,Automática,Gasolina,7 Pasajeros,40'200,"B/.29,995"
Ford,Explorer,2021,2.3 Ecoboost 4CLY Turbo,Automática,Gasolina,7 Pasajeros,69'870,"B/.29,995"
Ford,Escape,2020,1.5 3 CLY Turbo,Automática,Gasolina,5 Pasajeros,26'200,"B/.15,995"
Toyota,Prado,2011,¡Pregunta al anunciante!,Automática,Diesel,¡Pregunta al anunciante!,173'000,"B/.22,900"
Land Rover,Range Rover Vogue,2014,¡Pregunta al anunciante!,Automática,Diesel,¡Pregunta al anunciante!,39'000,"B/.37,500"
Audi,Q5,2020,¡Pregunta al anunciante!,Automática,Gasolina,¡Pregunta al anunciante!,18'000,"B/.32,900"
Land Rover,Range Rover Velar,2018,¡Pregunta al anunciante!,Automática,Gasolina,5 Pasajeros,40'000,"B/.42,000"
Nissan,Frontier,2022,¡Pregunta al anunciante!,Automática,Diesel,¡Pregunta al anunciante!,45'000,"B/.34,999"
Volvo,XC90,2018,¡Pregunta al anunciante!,Automática,Gasolina,¡Pregunta al anunciante!,79'000,"B/.35,999 (Rebajado 5%)"
Nissan,Qashqai,2019,¡Pregunta al anunciante!,Automática,Gasolina,¡Pregunta al anunciante!,1,"B/.15,799 (Rebajado 1%)"
Nissan,Frontier,2022,¡Pregunta al anunciante!,Manual,Diesel,¡Pregunta al anunciante!,1,"B/.17,499 (Rebajado 3%)"
Toyota,Hilux,2023,¡Pregunta al anunciante!,Manual,Diesel,¡Pregunta al anunciante!,40'000,"B/.24,499 (Rebajado 6%)"
Volvo,XC40,2019,¡Pregunta al anunciante!,Automática,Gasolina,¡Pregunta al anunciante!,51'000,"B/.25,999 (Rebajado 6%)"
Nissan,Kicks,2020,¡Pregunta al anunciante!,Manual,Gasolina,¡Pregunta al anunciante!,61'000,"B/.12,499 (Rebajado 4%)"
Toyota,Prado,2020,¡Pregunta al anunciante!,Automática,Diesel,¡Pregunta al anunciante!,1,"B/.44,499 (Rebajado 5%)"
Hyundai,Venue,2024,¡Pregunta al anunciante!,Automática,Gasolina,¡Pregunta al anunciante!,2'000,"B/.18,499"
Ford,Mustang,2018,¡Pregunta al anunciante!,Automática,Gasolina,¡Pregunta al anunciante!,93'000,"B/.23,500 (Rebajado 6%)"
Toyota,Prado,2015,¡Pregunta al anunciante!,Automática,Diesel,¡Pregunta al anunciante!,211'159,"B/.29,000"
Toyota,Prado,2015,¡Pregunta al anunciante!,Automática,Diesel,¡Pregunta al anunciante!,166'000,"B/.34,000"
Mercedes Benz,AMG GT,2019,¡Pregunta al anunciante!,Automática,Gasolina,¡Pregunta al anunciante!,38'000,"B/.89,900 (Rebajado 3%)"
Acura,MDX,2018,¡Pregunta al anunciante!,Automática,Gasolina,¡Pregunta al anunciante!,56'700,"B/.27,900 (Rebajado 10%)"
Toyota,Prado,2016,3.0 TURBO,Automática,Diesel,7 Pasajeros,124'000,"B/.42,900"
Mercedes Benz,GLE-Class,2022,¡Pregunta al anunciante!,Automática,Gasolina,¡Pregunta al anunciante!,25'300,"B/.68,200 (Rebajado 6%)"
Audi,Q7,2016,¡Pregunta al anunciante!,Automática,Diesel,¡Pregunta al anunciante!,68'000,"B/.24,900 (Rebajado 2%)"
Audi,Q7,2018,¡Pregunta al anunciante!,Automática,Diesel,¡Pregunta al anunciante!,65'800,"B/.25,900"
BMW,X3,2020,¡Pregunta al anunciante!,Automática,Gasolina,¡Pregunta al anunciante!,37'000,"B/.27,870"
Audi,Q3,2019,¡Pregunta al anunciante!,Automática,Gasolina,¡Pregunta al anunciante!,75'000,"B/.21,800"
Hyundai,Santa Fe,2015,¡Pregunta al anunciante!,Automática,Gasolina,¡Pregunta al anunciante!,65'000,"B/.11,900 (Rebajado 13%)"
Toyota,Land Cruiser,2016,¡Pregunta al anunciante!,Automática,Diesel,¡Pregunta al anunciante!,91'085,"B/.58,000"
Audi,Q3,2019,¡Pregunta al anunciante!,Automática,Gasolina,¡Pregunta al anunciante!,75'000,"B/.21,800"
Lexus,GX 460,2014,¡Pregunta al anunciante!,Automática,Gasolina,¡Pregunta al anunciante!,70'000,"B/.26,900"
MINI,Cooper,2016,¡Pregunta al anunciante!,Automática,Gasolina,¡Pregunta al anunciante!,50'000,"B/.14,900 (Rebajado 4%)"
Land Rover,Velar,2018,¡Pregunta al anunciante!,Automática,Gasolina,¡Pregunta al anunciante!,50'000,"B/.44,900"
Porsche,Carrera GT,2014,¡Pregunta al anunciante!,Automática,Gasolina,¡Pregunta al anunciante!,23'000,"B/.89,900"
Porsche,Macan,2019,¡Pregunta al anunciante!,Automática,Gasolina,¡Pregunta al anunciante!,49'000,"B/.48,900"
Ford,Bronco,2022,¡Pregunta al anunciante!,Automática,Gasolina,¡Pregunta al anunciante!,20'000,"B/.53,000 (Rebajado 4%)"
Porsche,Panamera,2014,¡Pregunta al anunciante!,Automática,Híbrido,4 Pasajeros,47'800,"B/.38,000"
Kia,Sportage,2015,¡Pregunta al anunciante!,Automática,Gasolina,5 Pasajeros,68'300,"B/.11,900 (Rebajado 8%)"
BMW,X1,2019,¡Pregunta al anunciante!,Automática,Gasolina,¡Pregunta al anunciante!,30'000,"B/.18,900 (Rebajado 83%)"
Ford,Explorer,2015,¡Pregunta al anunciante!,Automática,Gasolina,¡Pregunta al anunciante!,15'000,"B/.8,500"
Toyota,Prado,2022,¡Pregunta al anunciante!,Automática,Diesel,¡Pregunta al anunciante!,49'000,"B/.67,900"
Lexus,RX 450h,2018,¡Pregunta al anunciante!,Automática,Híbrido,5 Pasajeros,45'000,"B/.36,700"
Toyota,Land Cruiser,2017,¡Pregunta al anunciante!,Automática,Diesel,¡Pregunta al anunciante!,167'200,"B/.60,000"
BMW,X1,2022,¡Pregunta al anunciante!,Automática,Gasolina,¡Pregunta al anunciante!,27'000,"B/.27,900 (Rebajado 41%)"
Mercedes Benz,GLA-Class,2019,¡Pregunta al anunciante!,Automática,Gasolina,¡Pregunta al anunciante!,39'000,"B/.17,900 (Rebajado 28%)"
GMC,Yukon,2008,V8,Automática,Gasolina,7 Pasajeros,1,"B/.8,950 (Rebajado 6%)"
MINI,Cooper,2016,¡Pregunta al anunciante!,Automática,Gasolina,¡Pregunta al anunciante!,50'000,"B/.14,900 (Rebajado 4%)"
Porsche,Panamera,2012,¡Pregunta al anunciante!,Automática,Gasolina,¡Pregunta al anunciante!,35'000,"B/.18,900 (Rebajado 3%)"
Land Rover,Velar,2018,¡Pregunta al anunciante!,Automática,Gasolina,¡Pregunta al anunciante!,50'000,"B/.44,900"
Audi,Q5,2020,¡Pregunta al anunciante!,Automática,Gasolina,¡Pregunta al anunciante!,18'000,"B/.32,900"
Nissan,Titan,2006,V8,Automática,Gasolina,5 Pasajeros,1,"B/.4,500 (Rebajado 59%)"
Nissan,Kicks,2020,¡Pregunta al anunciante!,Manual,Gasolina,¡Pregunta al anunciante!,85'000,"B/.10,995"
Ford,EDGE,2021,¡Pregunta al anunciante!,Automática,Gasolina,¡Pregunta al anunciante!,65'000,"B/.20,995"
BMW,X5,2014,4.4 LITROS,Automática,Gasolina,5 Pasajeros,108'000,"B/.19,000"
Honda,CR-V,2017,¡Pregunta al anunciante!,Automática,Gasolina,¡Pregunta al anunciante!,72'000,"B/.18,995 (Rebajado 3%)"
Hyundai,Tucson,2022,¡Pregunta al anunciante!,Automática,Gasolina,¡Pregunta al anunciante!,77'000,"B/.18,995 (Rebajado 5%)"
Nissan,Qashqai,2019,¡Pregunta al anunciante!,Automática,Gasolina,¡Pregunta al anunciante!,30'281,"B/.16,995"
Nissan,Versa,2021,¡Pregunta al anunciante!,Automática,Gasolina,¡Pregunta al anunciante!,51'431,"B/.13,995"
Mercedes Benz,GLA-Class,2019,¡Pregunta al anunciante!,Automática,Gasolina,¡Pregunta al anunciante!,73'061,"B/.18,999"
Honda,CR-V,2023,¡Pregunta al anunciante!,Automática,Gasolina,¡Pregunta al anunciante!,5'499,"B/.36,999 (Rebajado 5%)"
Toyota,Prado,2017,¡Pregunta al anunciante!,Automática,Gasolina,¡Pregunta al anunciante!,94'818,"B/.27,999"
Nissan,Frontier,2023,¡Pregunta al anunciante!,Manual,Diesel,¡Pregunta al anunciante!,22'442,"B/.27,500"
Toyota,Yaris,2022,1.5,Automática,Gasolina,5 Pasajeros,50'000,"B/.13,800 (Rebajado 3%)"
Mazda,CX-5,2020,¡Pregunta al anunciante!,Automática,Gasolina,¡Pregunta al anunciante!,22'662,"B/.21,000"
Suzuki,Jimny,2022,1.5,Automática,Gasolina,4 Pasajeros,45'000,"B/.17,600"
Ford,Explorer,2015,V6,Automática,Gasolina,7 Pasajeros,1,"B/.11,900"
Toyota,Hilux,2022,¡Pregunta al anunciante!,Manual,Diesel,¡Pregunta al anunciante!,70'000,"B/.24,995 (Rebajado 4%)"
Suzuki,Swift,2018,¡Pregunta al anunciante!,Automática,Gasolina,¡Pregunta al anunciante!,80'000,"B/.7,500"
Mitsubishi,Outlander,2020,¡Pregunta al anunciante!,Automática,Gasolina,¡Pregunta al anunciante!,77'035,"B/.15,900"
Chevrolet,ONIX,2021,¡Pregunta al anunciante!,Automática,Gasolina,¡Pregunta al anunciante!,81'300,"B/.8,300"
Lexus,NX 300h,2016,¡Pregunta al anunciante!,Automática,Híbrido,¡Pregunta al anunciante!,95'000,"B/.20,000"
MINI,Cooper,2016,¡Pregunta al anunciante!,Automática,Gasolina,¡Pregunta al anunciante!,50'000,"B/.14,900 (Rebajado 4%)"
Porsche,Panamera,2012,¡Pregunta al anunciante!,Automática,Gasolina,¡Pregunta al anunciante!,35'000,"B/.18,900 (Rebajado 3%)"
Land Rover,Velar,2018,¡Pregunta al anunciante!,Automática,Gasolina,¡Pregunta al anunciante!,50'000,"B/.44,900"
Volkswagen,TCross,2020,¡Pregunta al anunciante!,Automática,Gasolina,¡Pregunta al anunciante!,20'700,"B/.14,900"
Chevrolet,Captiva,2022,¡Pregunta al anunciante!,Automática,Gasolina,¡Pregunta al anunciante!,46'668,"B/.17,900"
Volkswagen,TCross,2020,¡Pregunta al anunciante!,Automática,Gasolina,¡Pregunta al anunciante!,20'700,"B/.14,900"
Chevrolet,Captiva,2022,¡Pregunta al anunciante!,Automática,Gasolina,¡Pregunta al anunciante!,46'668,"B/.17,900"
Volkswagen,TCross,2020,¡Pregunta al anunciante!,Automática,Gasolina,¡Pregunta al anunciante!,20'700,"B/.14,900"
Toyota,Yaris,2013,¡Pregunta al anunciante!,Automática,Gasolina,¡Pregunta al anunciante!,160'000,"B/.6,500"
Subaru,Forester,2018,¡Pregunta al anunciante!,Automática,Gasolina,¡Pregunta al anunciante!,120'000,"B/.15,900"
Toyota,Yaris,2001,¡Pregunta al anunciante!,Manual,Gasolina,5 Pasajeros,567'287,"B/.2,800"
Nissan,Sentra,1997,¡Pregunta al anunciante!,Manual,Gasolina,¡Pregunta al anunciante!,20'000,"B/.3,000"
Toyota,Fortuner,2018,3.0,Automática,Diesel,7 Pasajeros,53'200,"B/.33,900"
Toyota,Corolla,2017,¡Pregunta al anunciante!,Automática,Gasolina,¡Pregunta al anunciante!,98'000,"B/.10,300"
Kia,Sportage,2017,¡Pregunta al anunciante!,Automática,Gasolina,¡Pregunta al anunciante!,121'000,"B/.9,999"
Toyota,RAV4,2021,¡Pregunta al anunciante!,Automática,Gasolina,5 Pasajeros,16'699,"B/.23,995"
Honda,Odyssey,2018,¡Pregunta al anunciante!,Automática,Gasolina,¡Pregunta al anunciante!,69'798,"B/.23,900"
Toyota,Corolla,2022,¡Pregunta al anunciante!,Automática,Gasolina,5 Pasajeros,11'000,"B/.22,500"
Nissan,X-Trail,2016,¡Pregunta al anunciante!,Automática,Gasolina,¡Pregunta al anunciante!,75'349,"B/.11,900"
Porsche,Boxster,2017,¡Pregunta al anunciante!,Automática,Gasolina,¡Pregunta al anunciante!,21'000,"B/.49,999 (Rebajado 7%)"
Mitsubishi,Outlander,2019,¡Pregunta al anunciante!,Automática,Gasolina,¡Pregunta al anunciante!,83'000,"B/.13,900 (Rebajado 7%)"
Nissan,Qashqai,2019,¡Pregunta al anunciante!,Automática,Gasolina,¡Pregunta al anunciante!,88'691,"B/.14,900"
Hyundai,Santa Fe,2018,¡Pregunta al anunciante!,Automática,Gasolina,¡Pregunta al anunciante!,113'544,"B/.14,999"
Honda,Pilot,2019,¡Pregunta al anunciante!,Automática,Gasolina,¡Pregunta al anunciante!,50'512,"B/.33,900 (Rebajado 3%)"
Mitsubishi,Lancer,1998,¡Pregunta al anunciante!,Manual,Gasolina,¡Pregunta al anunciante!,382'454,"B/.2,100"
Isuzu,D-MAX,2013,¡Pregunta al anunciante!,Manual,Diesel,¡Pregunta al anunciante!,227'000,"B/.4,000"
Audi,Q7,2016,¡Pregunta al anunciante!,Automática,Diesel,¡Pregunta al anunciante!,105'000,"B/.20,500 (Rebajado 13%)"
Geely,GX3,2024,1.5,Automática,Gasolina,5 Pasajeros,41,"B/.14,600 (Rebajado 1%)"
Honda,Accord,2023,¡Pregunta al anunciante!,Automática,Gasolina,¡Pregunta al anunciante!,27'000,"B/.22,500"
Toyota,Land Cruiser,2024,4.5L Turbo Diesel V8,Manual,Diesel,4 Pasajeros,80,"B/.72,900"
Toyota,Tundra,2023,3.5L doble Turbo V6 con Intercooler,Automática,Gasolina,5 Pasajeros,52,"B/.93,366"
Toyota,Tacoma,2023,V6 3.5L,Automática,Gasolina,5 Pasajeros,47,"B/.66,998"
Lexus,RX 450h,2023,4 Cilindros Turbo de 2.4 litros,Automática,Híbrido,5 Pasajeros,46,"B/.89,600 (Rebajado 1%)"
Mercedes Benz,GLA-Class,2019,¡Pregunta al anunciante!,Automática,Gasolina,¡Pregunta al anunciante!,73'061,"B/.18,999"
Toyota,Prado,2017,¡Pregunta al anunciante!,Automática,Gasolina,¡Pregunta al anunciante!,94'818,"B/.27,999"
Nissan,Frontier,2023,¡Pregunta al anunciante!,Manual,Diesel,¡Pregunta al anunciante!,22'442,"B/.27,500"
Honda,CR-V,2023,¡Pregunta al anunciante!,Automática,Gasolina,¡Pregunta al anunciante!,5'499,"B/.36,999 (Rebajado 5%)"
Isuzu,D-MAX,2014,¡Pregunta al anunciante!,Automática,Diesel,¡Pregunta al anunciante!,104'026,"B/.15,900"
Ford,Explorer Sport,2018,3.5L Ecobost V6,Automática,Gasolina,¡Pregunta al anunciante!,100'500,"B/.24,500"
Hyundai,Tucson,2016,¡Pregunta al anunciante!,Manual,Gasolina,¡Pregunta al anunciante!,167'382,"B/.8,500"
Nissan,Pathfinder,2015,¡Pregunta al anunciante!,Automática,Gasolina,¡Pregunta al anunciante!,74'044,"B/.8,999"
Nissan,Frontier,2017,¡Pregunta al anunciante!,Manual,Diesel,¡Pregunta al anunciante!,140'945,"B/.14,999"
Porsche,Cayenne,2015,¡Pregunta al anunciante!,Automática,Gasolina,¡Pregunta al anunciante!,82'000,"B/.33,000"
Mercedes Benz,350,2018,¡Pregunta al anunciante!,Automática,Diesel,¡Pregunta al anunciante!,99'000,"B/.36,000 (Rebajado 5%)"
Land Rover,Range Rover Sport,2015,3.0 turbo Disel,Automática,Diesel,5 Pasajeros,74'000,"B/.33,900"
Hyundai,Creta,2020,"1,5",Automática,Gasolina,5 Pasajeros,33'000,"B/.12,800 (Rebajado 1%)"
Porsche,Cayenne,2011,V6,Automática,Gasolina,5 Pasajeros,88'000,"B/.11,900 (Rebajado 14%)"
Toyota,Prado,2022,2.8 TURBO DIESEL,Automática,Diesel,7 Pasajeros,19'800,"B/.50,999"
Kia,Carnival,2019,4 cILINDRO DIESEL,Automática,Diesel,7-10 Pasajeros,84'000,"B/.15,900 (Rebajado 11%)"
Lexus,RX 300,1999,V6,Automática,Gasolina,5 Pasajeros,1,"B/.3,950"
Nissan,Sentra,2015,4 CILINDRO,Automática,Gasolina,5 Pasajeros,1,"B/.5,900 (Rebajado 34%)"
BMW,X1,2011,6 CILINDROS,Automática,Gasolina,5 Pasajeros,1,"B/.6,900 (Rebajado 31%)"
BMW,X1,2012,4 cilindro,Automática,Gasolina,5 Pasajeros,1,"B/.5,900 (Rebajado 26%)"
Subaru,Forester,2014,4 CILINDROS TURBO,Automática,Gasolina,5 Pasajeros,95'000,"B/.12,950 (Rebajado 7%)"
MG,3,2014,4 cilindro,Manual,Gasolina,4 Pasajeros,1,"B/.4,900 (Rebajado 1%)"
Toyota,Prado,2005,4 CILINDRO,Automática,Gasolina,5 Pasajeros,1,"B/.10,500 (Rebajado 4%)"
Toyota,Prado,2010,4 CILINDRO TURBO DIESEL,Automática,Gasolina,7 Pasajeros,1,"B/.19,800"
Volkswagen,Jetta,2011,4 cilindro,Automática,Gasolina,5 Pasajeros,1,"B/.5,950 (Rebajado 14%)"
Mercedes Benz,ML,2014,V6,Automática,Gasolina,5 Pasajeros,90'000,"B/.13,950 (Rebajado 6%)"
Mazda,CX-9,2016,V6,Automática,Gasolina,7 Pasajeros,1,"B/.10,900"
MG,MG 350,2015,4 cilindros,Manual,Gasolina,5 Pasajeros,1,"B/.4,900 (Rebajado 30%)"
Jeep,Cherokee,2005,V6,Automática,Gasolina,5 Pasajeros,1,"B/.5,950 (Rebajado 14%)"
Acura,MDX,2014,V6,Automática,Gasolina,5 Pasajeros,2,"B/.13,500"
Toyota,RAV4,2015,¡Pregunta al anunciante!,Automática,Gasolina,¡Pregunta al anunciante!,89'697,"B/.13,900"
Infiniti,QX60,2018,¡Pregunta al anunciante!,Automática,Gasolina,¡Pregunta al anunciante!,35'000,"B/.25,000"
Toyota,RAV4,2015,¡Pregunta al anunciante!,Automática,Gasolina,¡Pregunta al anunciante!,155'000,"B/.9,900"
Mazda,CX-3,2017,¡Pregunta al anunciante!,Automática,Gasolina,¡Pregunta al anunciante!,62'400,"B/.11,500"
Toyota,Corolla,2012,¡Pregunta al anunciante!,Automática,Gasolina,¡Pregunta al anunciante!,180'000,"B/.6,999"
Honda,HR-V,2017,¡Pregunta al anunciante!,Automática,Gasolina,¡Pregunta al anunciante!,59'917,"B/.11,500"
Subaru,Forester,2017,¡Pregunta al anunciante!,Automática,Gasolina,¡Pregunta al anunciante!,128'000,"B/.11,900"
Hyundai,Elantra,2000,¡Pregunta al anunciante!,Automática,Gasolina,¡Pregunta al anunciante!,999'999,"B/.1,900"
Mercedes Benz,AMG GT,2019,¡Pregunta al anunciante!,Automática,Gasolina,¡Pregunta al anunciante!,38'000,"B/.89,900 (Rebajado 3%)"
Acura,MDX,2018,¡Pregunta al anunciante!,Automática,Gasolina,¡Pregunta al anunciante!,56'700,"B/.27,900 (Rebajado 10%)"
Mercedes Benz,GLE-Class,2022,¡Pregunta al anunciante!,Automática,Gasolina,¡Pregunta al anunciante!,25'300,"B/.68,200 (Rebajado 6%)"
BMW,X3,2020,¡Pregunta al anunciante!,Automática,Gasolina,¡Pregunta al anunciante!,37'000,"B/.27,870"
Audi,Q3,2019,¡Pregunta al anunciante!,Automática,Gasolina,¡Pregunta al anunciante!,75'000,"B/.21,800"
Hyundai,Santa Fe,2015,¡Pregunta al anunciante!,Automática,Gasolina,¡Pregunta al anunciante!,65'000,"B/.11,900 (Rebajado 13%)"
Hyundai,Accent,2020,¡Pregunta al anunciante!,Automática,Gasolina,¡Pregunta al anunciante!,70'000,"B/.9,500"
Toyota,Land Cruiser,2016,¡Pregunta al anunciante!,Automática,Diesel,¡Pregunta al anunciante!,91'085,"B/.58,000"
Lexus,GX 460,2014,¡Pregunta al anunciante!,Automática,Gasolina,¡Pregunta al anunciante!,70'000,"B/.26,900"
Porsche,Macan,2019,¡Pregunta al anunciante!,Automática,Gasolina,¡Pregunta al anunciante!,49'000,"B/.48,900"
Porsche,Carrera GT,2014,¡Pregunta al anunciante!,Automática,Gasolina,¡Pregunta al anunciante!,23'000,"B/.89,900"
Porsche,Panamera,2014,¡Pregunta al anunciante!,Automática,Híbrido,4 Pasajeros,47'800,"B/.38,000"
Kia,Sportage,2015,¡Pregunta al anunciante!,Automática,Gasolina,5 Pasajeros,68'300,"B/.11,900 (Rebajado 8%)"
BMW,X1,2019,¡Pregunta al anunciante!,Automática,Gasolina,¡Pregunta al anunciante!,30'000,"B/.18,900 (Rebajado 83%)"
Toyota,Prado,2022,¡Pregunta al anunciante!,Automática,Diesel,¡Pregunta al anunciante!,49'000,"B/.67,900"
Ford,Explorer,2015,¡Pregunta al anunciante!,Automática,Gasolina,¡Pregunta al anunciante!,15'000,"B/.8,500"
Lexus,RX 450h,2018,¡Pregunta al anunciante!,Automática,Híbrido,5 Pasajeros,45'000,"B/.36,700"
Toyota,Land Cruiser,2017,¡Pregunta al anunciante!,Automática,Diesel,¡Pregunta al anunciante!,167'200,"B/.60,000"
BMW,X1,2022,¡Pregunta al anunciante!,Automática,Gasolina,¡Pregunta al anunciante!,27'000,"B/.27,900 (Rebajado 41%)"
Mercedes Benz,GLA-Class,2019,¡Pregunta al anunciante!,Automática,Gasolina,¡Pregunta al anunciante!,39'000,"B/.17,900 (Rebajado 28%)"
Jeep,Wrangler,2019,¡Pregunta al anunciante!,Automática,Gasolina,¡Pregunta al anunciante!,40'000,"B/.47,500"
Toyota,Land Cruiser,2013,¡Pregunta al anunciante!,Automática,Diesel,¡Pregunta al anunciante!,145'000,"B/.40,000"
BMW,X5,2015,¡Pregunta al anunciante!,Automática,Gasolina,¡Pregunta al anunciante!,91'000,"B/.15,500 (Rebajado 11%)"
Jeep,Wrangler,2021,4 cilindros 2.0 turbo,Automática,Gas,¡Pregunta al anunciante!,40'000,"B/.44,500 (Rebajado 4%)"
Audi,Q5,2017,¡Pregunta al anunciante!,Automática,Gasolina,¡Pregunta al anunciante!,110'000,"B/.17,900 (Rebajado 3%)"
Lexus,RX,2020,¡Pregunta al anunciante!,Automática,Híbrido,¡Pregunta al anunciante!,35'000,"B/.39,900"
BMW,M4,2016,¡Pregunta al anunciante!,Automática,Gasolina,¡Pregunta al anunciante!,34'000,"B/.45,900"
Toyota,Prado,2018,¡Pregunta al anunciante!,Automática,Gasolina,¡Pregunta al anunciante!,60'000,"B/.51,900"
Mazda,CX-5,2023,Motor 2.0 litros 16 válvulas SKYACTIV-G,Automática,Gasolina,5 Pasajeros,10'340,"B/.23,500 (Rebajado 4%)"
Renault,Captur,2018,¡Pregunta al anunciante!,Automática,Gasolina,¡Pregunta al anunciante!,130,"B/.6,900 (Rebajado 5%)"
Land Rover,Defender,2012,¡Pregunta al anunciante!,Manual,Diesel,¡Pregunta al anunciante!,56'000,"B/.55,000"
ZX Auto,Terralord,2022,2.5 Diésel,Automática,Diesel,5 Pasajeros,100'000,"B/.16,500"
Jaguar,XE,2016,¡Pregunta al anunciante!,Automática,Gasolina,¡Pregunta al anunciante!,60'000,"B/.11,900 (Rebajado 5%)"
Aston Martin,V8 Vantage,2007,V8,Manual,Gasolina,2 Pasajeros,25'000,"B/.54,900"
Land Rover,Range Rover Sport,2020,¡Pregunta al anunciante!,Automática,Gasolina,¡Pregunta al anunciante!,45'900,"B/.67,900"
Toyota,Land Cruiser,2015,¡Pregunta al anunciante!,Automática,Diesel,¡Pregunta al anunciante!,140'000,"B/.48,000 (Rebajado 4%)"
Nissan,CIVILIAN,2015,¡Pregunta al anunciante!,Manual,Diesel,¡Pregunta al anunciante!,28'000,"B/.42,900"
Mercedes Benz,GLE-Class,2018,¡Pregunta al anunciante!,Automática,Diesel,¡Pregunta al anunciante!,45'000,"B/.23,900"
Toyota,Land Cruiser,2016,¡Pregunta al anunciante!,Automática,Diesel,¡Pregunta al anunciante!,148'000,"B/.60,999"
Mazda,CX-3,2021,¡Pregunta al anunciante!,Automática,Gasolina,¡Pregunta al anunciante!,64'000,"B/.15,500"
Mercedes Benz,CLS 53,2020,¡Pregunta al anunciante!,Automática,Gasolina,¡Pregunta al anunciante!,15'000,"B/.68,000"
Nissan,Kicks,2018,¡Pregunta al anunciante!,Automática,Gasolina,¡Pregunta al anunciante!,56'000,"B/.12,500 (Rebajado 3%)"
Porsche,911,2014,¡Pregunta al anunciante!,Automática,Gasolina,¡Pregunta al anunciante!,13'334,"B/.135,000"
BMW,X5,2018,¡Pregunta al anunciante!,Automática,Diesel,¡Pregunta al anunciante!,48'900,"B/.27,900"
BMW,X1,2017,¡Pregunta al anunciante!,Automática,Gasolina,¡Pregunta al anunciante!,30'000,"B/.17,900"
Subaru,Forester,2014,4 CILINDROS TURBO,Automática,Gasolina,5 Pasajeros,95'000,"B/.12,950 (Rebajado 7%)"
Chevrolet,Tahoe,2017,¡Pregunta al anunciante!,Automática,Gasolina,¡Pregunta al anunciante!,58'000,"B/.38,000"
Toyota,Prado,2010,4 CILINDRO TURBO DIESEL,Automática,Gasolina,7 Pasajeros,1,"B/.19,800"
MG,3,2014,4 cilindro,Manual,Gasolina,4 Pasajeros,1,"B/.4,900 (Rebajado 1%)"
Porsche,Cayenne,2012,¡Pregunta al anunciante!,Automática,Gas,¡Pregunta al anunciante!,116'629,"B/.13,500 (Rebajado 16%)"
Porsche,718 Boxster,2017,¡Pregunta al anunciante!,Automática,Gas,¡Pregunta al anunciante!,46'000,"B/.56,888"
Mercedes Benz,GLA-Class,2015,¡Pregunta al anunciante!,Automática,Gasolina,¡Pregunta al anunciante!,84'599,"B/.14,999"
Nissan,Murano,2022,¡Pregunta al anunciante!,Automática,Gas,¡Pregunta al anunciante!,29'500,"B/.24,500"
Toyota,Hilux,2018,¡Pregunta al anunciante!,Automática,Diesel,¡Pregunta al anunciante!,70'000,"B/.31,000"
Ford,Explorer,2014,¡Pregunta al anunciante!,Automática,Gasolina,7 Pasajeros,116'000,"B/.11,000"
BMW,330,2019,2.0L Turbo,Automática,Gasolina,5 Pasajeros,19'900,"B/.34,499 (Rebajado 1%)"
Ford,Bronco,2022,¡Pregunta al anunciante!,Automática,Gasolina,¡Pregunta al anunciante!,20'000,"B/.53,000 (Rebajado 4%)"
BMW,X5,2013,V6,Automática,Gasolina,5 Pasajeros,100'000,"B/.8,950 (Rebajado 10%)"
Subaru,Forester,2018,¡Pregunta al anunciante!,Automática,Gasolina,¡Pregunta al anunciante!,120'000,"B/.12,500"
Ford,F-150,2012,V6 TURBO,Automática,Gasolina,5 Pasajeros,1,"B/.14,950 (Rebajado 6%)"
Infiniti,QX56,2006,V8,Automática,Gasolina,5 Pasajeros,1,"B/.6,900"
GMC,Yukon,2008,V8,Automática,Gasolina,7 Pasajeros,1,"B/.8,950 (Rebajado 6%)"
Suzuki,SX4,2017,4 CILINDRO,Automática,Gasolina,5 Pasajeros,1,"B/.8,900"
Nissan,Murano,2011,V6,Automática,Gasolina,5 Pasajeros,1,"B/.5,964 (Rebajado 54%)"
Nissan,Frontier,2022,¡Pregunta al anunciante!,Manual,Diesel,¡Pregunta al anunciante!,1,"B/.17,499 (Rebajado 3%)"
Changan,CS75 PLUS,2022,¡Pregunta al anunciante!,Automática,Gasolina,¡Pregunta al anunciante!,26'000,"B/.24,999 (Rebajado 7%)"
Land Rover,Discovery,2015,¡Pregunta al anunciante!,Automática,Diesel,¡Pregunta al anunciante!,115'000,"B/.20,900 (Rebajado 9%)"
Volvo,XC90,2018,¡Pregunta al anunciante!,Automática,Gasolina,¡Pregunta al anunciante!,47'000,"B/.35,900 (Rebajado 3%)"
Isuzu,D-MAX,2017,2. 5,5+,Diesel,2 Pasajeros,169'000,"B/.17,775 (Rebajado 1%)"
Ford,Explorer,2013,3500 cc,Automática,Gasolina,7 Pasajeros,93'000,"B/.11,500"
Ford,F-150,2016,¡Pregunta al anunciante!,Automática,Gasolina,¡Pregunta al anunciante!,1,"B/.31,999"
Nissan,Frontier,2016,¡Pregunta al anunciante!,Automática,Diesel,¡Pregunta al anunciante!,1,"B/.19,799"
Porsche,Panamera,2012,¡Pregunta al anunciante!,Automática,Gasolina,¡Pregunta al anunciante!,35'000,"B/.16,900 (Rebajado 11%)"
Audi,Q5,2020,¡Pregunta al anunciante!,Automática,Gasolina,¡Pregunta al anunciante!,18'000,"B/.29,900 (Rebajado 9%)"
Honda,HR-V,2017,¡Pregunta al anunciante!,Automática,Gasolina,¡Pregunta al anunciante!,45'000,"B/.13,500"
Toyota,Prado,2018,¡Pregunta al anunciante!,Automática,Diesel,¡Pregunta al anunciante!,234'626,"B/.34,000"
Honda,Odyssey,2020,¡Pregunta al anunciante!,Automática,Gasolina,¡Pregunta al anunciante!,1,"B/.26,999 (Rebajado 8%)"
Dongfeng,T5EVO,2024,¡Pregunta al anunciante!,Automática,Gasolina,¡Pregunta al anunciante!,14'000,"B/.21,499 (Rebajado 4%)"
Lexus,NX 300h,2018,¡Pregunta al anunciante!,Automática,Gasolina,¡Pregunta al anunciante!,57'400,"B/.23,750"
Volvo,XC90,2022,¡Pregunta al anunciante!,Automática,Híbrido,¡Pregunta al anunciante!,27'800,"B/.50,499"
GAC Motors,GS8,2020,¡Pregunta al anunciante!,Automática,Gasolina,¡Pregunta al anunciante!,45'000,"B/.23,499"
Mitsubishi,Outlander,2019,¡Pregunta al anunciante!,Automática,Gasolina,¡Pregunta al anunciante!,66'183,"B/.17,999"
Mazda,CX-5,2019,¡Pregunta al anunciante!,Automática,Gasolina,¡Pregunta al anunciante!,103'976,"B/.16,500"
BMW,Serie 1,2017,¡Pregunta al anunciante!,Automática,Eléctrico,¡Pregunta al anunciante!,34'436,"B/.14,999"
Toyota,Land Cruiser,2015,¡Pregunta al anunciante!,Automática,Diesel,¡Pregunta al anunciante!,73'277,"B/.32,999"
Ford,Edge,2017,¡Pregunta al anunciante!,Automática,Gasolina,5 Pasajeros,76'000,"B/.20,650 (Rebajado 2%)"
Nissan,Frontier,2023,¡Pregunta al anunciante!,Manual,Diesel,¡Pregunta al anunciante!,22'442,"B/.27,500"
Bentley,Continental GTC,2023,¡Pregunta al anunciante!,Automática,Gasolina,¡Pregunta al anunciante!,3'000,"B/.325,000"
Tesla,Model 3,2023,¡Pregunta al anunciante!,Automática,Eléctrico,¡Pregunta al anunciante!,2'800,"B/.46,888"
Lexus,LC 500,2018,¡Pregunta al anunciante!,Automática,Gasolina,¡Pregunta al anunciante!,7'800,"B/.68,888"
Mazda,CX-5,2024,¡Pregunta al anunciante!,Automática,Gasolina,¡Pregunta al anunciante!,936,"B/.22,995 (Rebajado 4%)"
Volvo,XC90,2022,¡Pregunta al anunciante!,Automática,Híbrido,¡Pregunta al anunciante!,27'800,"B/.50,499"
GAC Motors,GS8,2020,¡Pregunta al anunciante!,Automática,Gasolina,¡Pregunta al anunciante!,45'000,"B/.23,499"
Mitsubishi,Outlander,2019,¡Pregunta al anunciante!,Automática,Gasolina,¡Pregunta al anunciante!,66'183,"B/.17,999"
Mazda,CX-5,2019,¡Pregunta al anunciante!,Automática,Gasolina,¡Pregunta al anunciante!,103'976,"B/.16,500"
BMW,Serie 1,2017,¡Pregunta al anunciante!,Automática,Eléctrico,¡Pregunta al anunciante!,34'436,"B/.14,999"
GAC Motors,GS8,2020,¡Pregunta al anunciante!,Automática,Gasolina,¡Pregunta al anunciante!,45'000,"B/.23,499"
Ford,Edge,2017,¡Pregunta al anunciante!,Automática,Gasolina,5 Pasajeros,76'000,"B/.20,650 (Rebajado 2%)"
Nissan,Frontier,2023,¡Pregunta al anunciante!,Manual,Diesel,¡Pregunta al anunciante!,22'442,"B/.27,500"
Bentley,Continental GTC,2023,¡Pregunta al anunciante!,Automática,Gasolina,¡Pregunta al anunciante!,3'000,"B/.325,000"
Tesla,Model 3,2023,¡Pregunta al anunciante!,Automática,Eléctrico,¡Pregunta al anunciante!,2'800,"B/.46,888"
Lexus,LC 500,2018,¡Pregunta al anunciante!,Automática,Gasolina,¡Pregunta al anunciante!,7'800,"B/.68,888"
Mazda,CX-5,2024,¡Pregunta al anunciante!,Automática,Gasolina,¡Pregunta al anunciante!,936,"B/.22,995 (Rebajado 4%)"
Volvo,XC90,2022,¡Pregunta al anunciante!,Automática,Híbrido,¡Pregunta al anunciante!,27'800,"B/.50,499"
GAC Motors,GS8,2020,¡Pregunta al anunciante!,Automática,Gasolina,¡Pregunta al anunciante!,45'000,"B/.23,499"
Mitsubishi,Outlander,2019,¡Pregunta al anunciante!,Automática,Gasolina,¡Pregunta al anunciante!,66'183,"B/.17,999"
Suzuki,Jimny,2022,1.5,Automática,Gasolina,4 Pasajeros,45'000,"B/.17,500"
Hyundai,Tucson,2022,¡Pregunta al anunciante!,Manual,Gasolina,¡Pregunta al anunciante!,39'000,"B/.17,999"
Mercedes Benz,AMG GT,2019,¡Pregunta al anunciante!,Automática,Gasolina,¡Pregunta al anunciante!,38'000,"B/.89,900 (Rebajado 3%)"
Suzuki,Jimny,2022,1.5,Automática,Gasolina,4 Pasajeros,45'000,"B/.17,500"
Hyundai,Tucson,2022,¡Pregunta al anunciante!,Manual,Gasolina,¡Pregunta al anunciante!,39'000,"B/.17,999"
Mercedes Benz,AMG GT,2019,¡Pregunta al anunciante!,Automática,Gasolina,¡Pregunta al anunciante!,38'000,"B/.89,900 (Rebajado 3%)"
Nissan,Frontier,2017,¡Pregunta al anunciante!,Manual,Diesel,¡Pregunta al anunciante!,140'945,"B/.14,999"
Chevrolet,Express,2019,6.0L,Automática,Gasolina,10-15 Pasajeros,121'495,"B/.14,900"
Mercedes Benz,GLA-Class,2019,¡Pregunta al anunciante!,Automática,Gasolina,¡Pregunta al anunciante!,73'061,"B/.18,999"
Nissan,Frontier,2023,¡Pregunta al anunciante!,Automática,Diesel,¡Pregunta al anunciante!,66'830,"B/.35,999"
Honda,CR-V,2023,¡Pregunta al anunciante!,Automática,Gasolina,¡Pregunta al anunciante!,5'499,"B/.36,999 (Rebajado 5%)"
Mitsubishi,Eclipse,2023,¡Pregunta al anunciante!,Automática,Gasolina,¡Pregunta al anunciante!,38'916,"B/.22,999"
BMW,X5,2014,4.4 LITROS,Automática,Gasolina,5 Pasajeros,108'000,"B/.19,000"
BMW,X5,2020,¡Pregunta al anunciante!,Automática,Diesel,¡Pregunta al anunciante!,41'000,"B/.49,995"
Mazda,CX-5,2019,¡Pregunta al anunciante!,Automática,Gasolina,¡Pregunta al anunciante!,52'000,"B/.15,995 (Rebajado 6%)"
Nissan,Qashqai,2019,¡Pregunta al anunciante!,Automática,Gasolina,¡Pregunta al anunciante!,30'281,"B/.16,995"
Geely,Azkarra,2023,¡Pregunta al anunciante!,Automática,Híbrido,¡Pregunta al anunciante!,7'500,"B/.24,995"
Toyota,Rush,2023,¡Pregunta al anunciante!,Automática,Gasolina,¡Pregunta al anunciante!,3'500,"B/.18,995 (Rebajado 41%)"
Toyota,Land Cruiser,2021,¡Pregunta al anunciante!,Automática,Diesel,¡Pregunta al anunciante!,39'683,"B/.79,999"
Honda,CR-V,2017,¡Pregunta al anunciante!,Automática,Gasolina,¡Pregunta al anunciante!,72'000,"B/.18,995 (Rebajado 3%)"
Toyota,Rush,2023,¡Pregunta al anunciante!,Automática,Gasolina,¡Pregunta al anunciante!,3'500,"B/.18,995 (Rebajado 41%)"
Toyota,Land Cruiser,2021,¡Pregunta al anunciante!,Automática,Diesel,¡Pregunta al anunciante!,39'683,"B/.79,999"
Honda,CR-V,2017,¡Pregunta al anunciante!,Automática,Gasolina,¡Pregunta al anunciante!,72'000,"B/.18,995 (Rebajado 3%)"
Mercedes Benz,GLC-Class Coupe,2017,¡Pregunta al anunciante!,Automática,Gasolina,¡Pregunta al anunciante!,53'000,"B/.24,995 (Rebajado 7%)"
Nissan,Frontier,2022,¡Pregunta al anunciante!,Automática,Diesel,¡Pregunta al anunciante!,48'340,"B/.31,995 (Rebajado 6%)"
Toyota,Prado,2020,¡Pregunta al anunciante!,Automática,Diesel,¡Pregunta al anunciante!,1,"B/.44,499 (Rebajado 5%)"
Kia,Picanto,2015,¡Pregunta al anunciante!,Automática,Gasolina,5 Pasajeros,40'000,"B/.8,000 (Rebajado 6%)"
Honda,Pilot,2013,¡Pregunta al anunciante!,Automática,Gasolina,¡Pregunta al anunciante!,100'291,"B/.13,995"
Toyota,Rush,2023,¡Pregunta al anunciante!,Automática,Gasolina,¡Pregunta al anunciante!,3'500,"B/.18,995 (Rebajado 41%)"
Toyota,Land Cruiser,2021,¡Pregunta al anunciante!,Automática,Diesel,¡Pregunta al anunciante!,39'683,"B/.79,999"
Honda,CR-V,2017,¡Pregunta al anunciante!,Automática,Gasolina,¡Pregunta al anunciante!,72'000,"B/.18,995 (Rebajado 3%)"
Mercedes Benz,GLC-Class Coupe,2017,¡Pregunta al anunciante!,Automática,Gasolina,¡Pregunta al anunciante!,53'000,"B/.24,995 (Rebajado 7%)"
Nissan,Frontier,2022,¡Pregunta al anunciante!,Automática,Diesel,¡Pregunta al anunciante!,48'340,"B/.31,995 (Rebajado 6%)"
Toyota,Prado,2020,¡Pregunta al anunciante!,Automática,Diesel,¡Pregunta al anunciante!,1,"B/.44,499 (Rebajado 5%)"
Kia,Picanto,2015,¡Pregunta al anunciante!,Automática,Gasolina,5 Pasajeros,40'000,"B/.8,000 (Rebajado 6%)"
Honda,Pilot,2013,¡Pregunta al anunciante!,Automática,Gasolina,¡Pregunta al anunciante!,100'291,"B/.13,995"
BMW,X5 eDrive,2020,3000 cilindrada,Automática,Gasolina,5 Pasajeros,21'000,"B/.55,000 (Rebajado 2%)"
BMW,X4,2017,¡Pregunta al anunciante!,Automática,Gasolina,¡Pregunta al anunciante!,68'000,"B/.19,995 (Rebajado 15%)"
BMW,X1,2024,¡Pregunta al anunciante!,Automática,Gasolina,¡Pregunta al anunciante!,11'651,"B/.42,995"
BMW,X5,2014,4.4 LITROS,Automática,Gasolina,5 Pasajeros,108'000,"B/.19,000"
Toyota,RAV4,2019,¡Pregunta al anunciante!,Automática,Gasolina,¡Pregunta al anunciante!,65'000,"B/.24,995"
Hyundai,Tucson,2022,¡Pregunta al anunciante!,Automática,Gasolina,¡Pregunta al anunciante!,77'000,"B/.18,995 (Rebajado 5%)"
Toyota,Yaris,2021,¡Pregunta al anunciante!,Automática,Gasolina,¡Pregunta al anunciante!,79'000,"B/.12,995 (Rebajado 4%)"
Kia,Rio,2022,¡Pregunta al anunciante!,Automática,Gasolina,¡Pregunta al anunciante!,76'000,"B/.11,995 (Rebajado 8%)"
Ford,Bronco,2022,¡Pregunta al anunciante!,Automática,Gasolina,¡Pregunta al anunciante!,20'000,"B/.50,000 (Rebajado 6%)"
Ford,EDGE,2021,¡Pregunta al anunciante!,Automática,Gasolina,¡Pregunta al anunciante!,65'000,"B/.20,995"
Mercedes Benz,GLA-Class,2019,¡Pregunta al anunciante!,Automática,Gasolina,¡Pregunta al anunciante!,73'061,"B/.18,999"
Nissan,Frontier,2023,¡Pregunta al anunciante!,Automática,Diesel,¡Pregunta al anunciante!,66'830,"B/.35,999"
Honda,CR-V,2023,¡Pregunta al anunciante!,Automática,Gasolina,¡Pregunta al anunciante!,5'499,"B/.36,999 (Rebajado 5%)"
Toyota,Land Cruiser,2021,¡Pregunta al anunciante!,Automática,Diesel,¡Pregunta al anunciante!,39'683,"B/.79,999"
Mitsubishi,Eclipse,2023,¡Pregunta al anunciante!,Automática,Gasolina,¡Pregunta al anunciante!,38'916,"B/.22,999"
Nissan,Qashqai,2019,¡Pregunta al anunciante!,Automática,Gasolina,¡Pregunta al anunciante!,30'281,"B/.16,995"
Mazda,CX-5,2020,¡Pregunta al anunciante!,Automática,Gasolina,¡Pregunta al anunciante!,22'662,"B/.21,000"
BMW,X6 M,2015,¡Pregunta al anunciante!,Automática,Gasolina,¡Pregunta al anunciante!,57'000,"B/.33,500 (Rebajado 4%)"
Toyota,Rush,2023,¡Pregunta al anunciante!,Automática,Gasolina,¡Pregunta al anunciante!,3'500,"B/.18,995 (Rebajado 41%)"
Mazda,CX-5,2019,¡Pregunta al anunciante!,Automática,Gasolina,¡Pregunta al anunciante!,52'000,"B/.15,995 (Rebajado 6%)"
Mazda,CX-5,2015,¡Pregunta al anunciante!,Automática,Gasolina,¡Pregunta al anunciante!,93'000,"B/.10,995 (Rebajado 8%)"
Mazda,CX-5,2024,¡Pregunta al anunciante!,Automática,Gasolina,¡Pregunta al anunciante!,936,"B/.22,995 (Rebajado 4%)"
Toyota,Corolla,2022,¡Pregunta al anunciante!,Automática,Gasolina,¡Pregunta al anunciante!,21'000,"B/.21,995"
Mercedes Benz,GLC-Class Coupe,2017,¡Pregunta al anunciante!,Automática,Gasolina,¡Pregunta al anunciante!,53'000,"B/.24,995 (Rebajado 7%)"
Nissan,Frontier,2022,¡Pregunta al anunciante!,Automática,Diesel,¡Pregunta al anunciante!,48'340,"B/.31,995 (Rebajado 6%)"
Geely,Azkarra,2023,¡Pregunta al anunciante!,Automática,Híbrido,¡Pregunta al anunciante!,7'500,"B/.24,995"
BMW,X3,2015,¡Pregunta al anunciante!,Automática,Gasolina,¡Pregunta al anunciante!,92'000,"B/.12,995 (Rebajado 7%)"
BMW,X6,2018,¡Pregunta al anunciante!,Automática,Gasolina,¡Pregunta al anunciante!,55'000,"B/.28,995"
Nissan,Pathfinder,2015,¡Pregunta al anunciante!,Automática,Gasolina,¡Pregunta al anunciante!,74'044,"B/.8,999"
Nissan,Frontier,2017,¡Pregunta al anunciante!,Manual,Diesel,¡Pregunta al anunciante!,140'945,"B/.14,999"
Mazda,CX-5,2020,¡Pregunta al anunciante!,Automática,Gasolina,¡Pregunta al anunciante!,22'662,"B/.21,000"
BMW,X6 M,2015,¡Pregunta al anunciante!,Automática,Gasolina,¡Pregunta al anunciante!,57'000,"B/.33,500 (Rebajado 4%)"
Toyota,Rush,2023,¡Pregunta al anunciante!,Automática,Gasolina,¡Pregunta al anunciante!,3'500,"B/.18,995 (Rebajado 41%)"
Mazda,CX-5,2020,¡Pregunta al anunciante!,Automática,Gasolina,¡Pregunta al anunciante!,22'662,"B/.21,000"
BMW,X6 M,2015,¡Pregunta al anunciante!,Automática,Gasolina,¡Pregunta al anunciante!,57'000,"B/.33,500 (Rebajado 4%)"
Mazda,CX-5,2020,¡Pregunta al anunciante!,Automática,Gasolina,¡Pregunta al anunciante!,22'662,"B/.21,000"
BMW,X6 M,2015,¡Pregunta al anunciante!,Automática,Gasolina,¡Pregunta al anunciante!,57'000,"B/.33,500 (Rebajado 4%)"
Toyota,Rush,2023,¡Pregunta al anunciante!,Automática,Gasolina,¡Pregunta al anunciante!,3'500,"B/.18,995 (Rebajado 41%)"
BMW,X6 M,2015,¡Pregunta al anunciante!,Automática,Gasolina,¡Pregunta al anunciante!,57'000,"B/.33,500 (Rebajado 4%)"
Mazda,CX-5,2015,¡Pregunta al anunciante!,Automática,Gasolina,¡Pregunta al anunciante!,93'000,"B/.10,995 (Rebajado 8%)"
Mazda,CX-5,2024,¡Pregunta al anunciante!,Automática,Gasolina,¡Pregunta al anunciante!,936,"B/.22,995 (Rebajado 4%)"
Toyota,Corolla,2022,¡Pregunta al anunciante!,Automática,Gasolina,¡Pregunta al anunciante!,21'000,"B/.21,995"
Mercedes Benz,GLC-Class Coupe,2017,¡Pregunta al anunciante!,Automática,Gasolina,¡Pregunta al anunciante!,53'000,"B/.24,995 (Rebajado 7%)"
Nissan,Frontier,2022,¡Pregunta al anunciante!,Automática,Diesel,¡Pregunta al anunciante!,48'340,"B/.31,995 (Rebajado 6%)"
Geely,Azkarra,2023,¡Pregunta al anunciante!,Automática,Híbrido,¡Pregunta al anunciante!,7'500,"B/.24,995"
BMW,X3,2015,¡Pregunta al anunciante!,Automática,Gasolina,¡Pregunta al anunciante!,92'000,"B/.12,995 (Rebajado 7%)"
BMW,X6,2018,¡Pregunta al anunciante!,Automática,Gasolina,¡Pregunta al anunciante!,55'000,"B/.28,995"
Nissan,Pathfinder,2015,¡Pregunta al anunciante!,Automática,Gasolina,¡Pregunta al anunciante!,74'044,"B/.8,999"
Nissan,Frontier,2017,¡Pregunta al anunciante!,Manual,Diesel,¡Pregunta al anunciante!,140'945,"B/.14,999"
Hyundai,Tucson,2016,¡Pregunta al anunciante!,Manual,Gasolina,¡Pregunta al anunciante!,167'382,"B/.8,500"
BMW,X4,2017,¡Pregunta al anunciante!,Automática,Gasolina,¡Pregunta al anunciante!,68'000,"B/.19,995 (Rebajado 15%)"
Acura,RDX,2014,¡Pregunta al anunciante!,Automática,Gasolina,¡Pregunta al anunciante!,77'000,"B/.10,500 (Rebajado 45%)"
Kia,Sportage,2017,¡Pregunta al anunciante!,Automática,Gasolina,¡Pregunta al anunciante!,147'497,"B/.13,900"
Honda,HR-V,2018,¡Pregunta al anunciante!,Automática,Gasolina,¡Pregunta al anunciante!,84'417,"B/.14,900"
Ford,Explorer,2017,¡Pregunta al anunciante!,Automática,Gasolina,¡Pregunta al anunciante!,125'436,"B/.11,900"
Suzuki,XL7,2023,"1,5",Automática,Gasolina,7 Pasajeros,36'000,"B/.16,500"
Mercedes Benz,180,2017,¡Pregunta al anunciante!,Automática,Gasolina,¡Pregunta al anunciante!,57'067,"B/.13,900"
Chevrolet,N 400,2022,¡Pregunta al anunciante!,Manual,Gasolina,¡Pregunta al anunciante!,50'000,"B/.8,995"
Suzuki,Jimny,2022,1.5,Automática,Gasolina,4 Pasajeros,45'000,"B/.17,000"
Volvo,XC40,2019,¡Pregunta al anunciante!,Automática,Gasolina,¡Pregunta al anunciante!,51'000,"B/.25,999 (Rebajado 6%)"
Toyota,Yaris,2022,1.5,Automática,Gasolina,5 Pasajeros,45'000,"B/.13,800"
Peugeot,2008,2018,¡Pregunta al anunciante!,Automática,Gasolina,¡Pregunta al anunciante!,57'000,"B/.7,995"
Mazda,CX-5,2023,¡Pregunta al anunciante!,Automática,Gasolina,¡Pregunta al anunciante!,24'264,"B/.22,995 (Rebajado 4%)"
Kia,Picanto,2015,¡Pregunta al anunciante!,Automática,Gasolina,5 Pasajeros,40'000,"B/.8,000 (Rebajado 6%)"
Honda,CR-V,2020,¡Pregunta al anunciante!,Automática,Gasolina,5 Pasajeros,26'300,"B/.22,800 (Rebajado 4%)"
Ford,Ranger,2021,¡Pregunta al anunciante!,Automática,Diesel,¡Pregunta al anunciante!,53'000,"B/.39,999"
Ford,Ranger,2016,¡Pregunta al anunciante!,Automática,Diesel,¡Pregunta al anunciante!,118'000,"B/.18,999"
Land Rover,Range Rover Sport,2016,3.0,Automática,Diesel,5 Pasajeros,74'000,"B/.33,400"
Toyota,Land Cruiser,2017,3.0 turbo Disel,Automática,Diesel,7 Pasajeros,112'000,"B/.31,300"
Porsche,Boxster,2008,¡Pregunta al anunciante!,Automática,Gasolina,¡Pregunta al anunciante!,36'000,"B/.18,800 (Rebajado 5%)"
Toyota,Prado,2022,2.8 TURBO DIESEL,Automática,Diesel,7 Pasajeros,19'800,"B/.50,999 (Rebajado 1%)"
Land Rover,Range Rover Velar,2018,¡Pregunta al anunciante!,Automática,Gasolina,¡Pregunta al anunciante!,43'750,"B/.39,995 (Rebajado 11%)"
Nissan,Qashqai,2019,¡Pregunta al anunciante!,Automática,Gasolina,¡Pregunta al anunciante!,87'000,"B/.13,995"
Honda,HR-V,2017,¡Pregunta al anunciante!,Automática,Gasolina,¡Pregunta al anunciante!,77'820,"B/.11,995 (Rebajado 8%)"
BMW,X5,2014,¡Pregunta al anunciante!,Automática,Diesel,5 Pasajeros,100'000,"B/.17,900 (Rebajado 3%)"
BMW,X1,2024,¡Pregunta al anunciante!,Automática,Gasolina,¡Pregunta al anunciante!,11'651,"B/.42,995"
Mercedes Benz,GLS-Class,2020,¡Pregunta al anunciante!,Automática,Gasolina,¡Pregunta al anunciante!,74'000,"B/.63,500 (Rebajado 9%)"
BMW,X5,2020,¡Pregunta al anunciante!,Automática,Diesel,¡Pregunta al anunciante!,41'000,"B/.49,995"
Toyota,Prado,2022,¡Pregunta al anunciante!,Automática,Diesel,¡Pregunta al anunciante!,19'000,"B/.64,499"
Land Rover,Range Rover Sport,2006,v8,Automática,Gasolina,5 Pasajeros,1,"B/.6,900"
BMW,3 Series,2015,4 CILINDROS,Automática,Gasolina,7 Pasajeros,90'000,"B/.9,950"
Hyundai,Santa Fe,2015,4 CILINDROS,Automática,Gasolina,5 Pasajeros,1,"B/.9,954 (Rebajado 9%)"
Mazda,CX-5,2015,¡Pregunta al anunciante!,Automática,Gasolina,¡Pregunta al anunciante!,93'000,"B/.10,995 (Rebajado 8%)"
Hyundai,Kona,2020,¡Pregunta al anunciante!,Automática,Gasolina,¡Pregunta al anunciante!,44'000,"B/.15,999"
Honda,Civic,2018,4 CILINDROS,Manual,Gasolina,5 Pasajeros,1,"B/.12,950 (Rebajado 7%)"
Porsche,Panamera S,2012,V8,Automática,Gasolina,4 Pasajeros,1,"B/.18,950"
Subaru,Forester,2014,4 CILINDROS TURBO,Automática,Gasolina,5 Pasajeros,95'000,"B/.12,950 (Rebajado 7%)"
Jeep,Grand Cherokee,2014,V6,Automática,Gasolina,5 Pasajeros,2,"B/.15,900 (Rebajado 2%)"
Chevrolet,Colorado,2014,¡Pregunta al anunciante!,Automática,Diesel,¡Pregunta al anunciante!,104'000,"B/.14,995 (Rebajado 50%)"
Toyota,Corolla,2022,¡Pregunta al anunciante!,Automática,Gasolina,¡Pregunta al anunciante!,21'000,"B/.21,995"
Ford,Escape,2020,1.5 3 CLY Turbo,Automática,Gasolina,5 Pasajeros,26'200,"B/.13,995"
Toyota,Yaris,2021,¡Pregunta al anunciante!,Automática,Gasolina,¡Pregunta al anunciante!,79'000,"B/.12,995 (Rebajado 4%)"
Kia,Rio,2022,¡Pregunta al anunciante!,Automática,Gasolina,¡Pregunta al anunciante!,76'000,"B/.11,995 (Rebajado 8%)"
Ford,Explorer,2021,2.3 Ecoboost 4CLY Turbo,Automática,Gasolina,7 Pasajeros,69'870,"B/.25,995"
Ford,Mustang,2006,4 CILINDRO,Automática,Gasolina,4 Pasajeros,1,"B/.6,958 (Rebajado 7%)"
Mazda,CX-9,2023,4CLY turbo,Automática,Gasolina,7 Pasajeros,20'635,"B/.32,995"
